,basin_id,discharge_coverage,unique_discharge_count
0,02AA001,0.0,1
1,02AA002,0.0,1
2,02AB001,0.0,1
3,02AB002,0.0,1
4,02AB004,0.0,1
5,02AB005,0.0,1
6,02AB006,1.0,938
7,02AB007,0.0,1
8,02AB008,1.0,1375
9,02AB009,0.0,1
10,02AB010,0.0,1
11,02AB011,0.0,1
12,02AB012,0.9996816503247168,1
13,02AB013,0.0,1
14,02AB014,1.0,1366
15,02AB015,0.0,1
16,02AB016,0.0,1
17,02AB017,1.0,1560
18,02AB019,0.8644467082643575,988
19,02AB020,0.8371959760601044,1183
20,02AB021,0.7906532535336814,1635
21,02AB022,0.4584872023430536,750
22,02AB023,0.3639373487839042,1264
23,02AB024,0.3608175219661276,1042
24,02AB025,0.3555329173564243,3086
25,02AC001,1.0,1470
26,02AC002,1.0,1355
27,02AD010,1.0,1309
28,02AD011,0.8184133452183878,1
29,02AE001,1.0,1414
30,02BA002,0.0,1
31,02BA003,1.0,1323
32,02BA005,0.7882337960015281,704
33,02BA006,0.4602062905895836,1315
34,02BB002,0.0,1
35,02BB003,1.0,1335
36,02BB004,0.886667515599134,1274
37,02BC002,0.0,1
38,02BC003,0.0,1
39,02BC004,1.0,765
40,02BC005,0.6743919521202089,1
41,02BC006,0.3720871004711575,1384
42,02BC008,0.0930217751177893,512
43,02BD001,0.0,1
44,02BD002,1.0,858
45,02BD003,0.0,1
46,02BD006,0.7674137272379982,970
47,02BD007,0.4883484018846301,788
48,02BE001,0.0,1
49,02BE002,1.0,954
50,02BF001,1.0,1435
51,02BF002,1.0,1450
52,02BF003,0.0,1
53,02BF004,1.0,1312
54,02BF005,0.9887940914300268,674
55,02BF006,1.0,575
56,02BF007,0.9655545651343436,450
57,02BF014,0.3720871004711575,1354
58,02CA002,1.0,1565
59,02CA007,0.3720871004711575,1369
60,02CB001,0.0,1
61,02CB002,0.0,1
62,02CB003,0.98376416656055,1415
63,02CC002,0.0,1
64,02CC003,0.0,1
65,02CC004,0.0,1
66,02CC005,1.0,1226
67,02CC006,0.0,1
68,02CC007,0.0,1
69,02CC008,1.0,3827
70,02CC009,0.0,1
71,02CC010,0.9842735260410036,1279
72,02CD001,1.0,1426
73,02CD002,0.0,1
74,02CD003,0.0,1
75,02CD004,0.0,1
76,02CD005,0.0,1
77,02CD006,1.0,1294
78,02CE001,0.0,1
79,02CE002,1.0,1241
80,02CE003,0.0,1
81,02CE004,0.0,1
82,02CE007,0.3866038456640774,971
83,02CE103,0.0,1
84,02CF001,0.0,1
85,02CF002,0.0,1
86,02CF004,0.99980899019483,1
87,02CF005,1.0,1024
88,02CF007,1.0,1406
89,02CF008,1.0,1454
90,02CF009,0.0,1
91,02CF010,1.0,1260
92,02CF011,1.0,1154
93,02CF012,1.0,1199
94,02CF013,0.9718578887049536,1055
95,02CF014,0.4063415255316439,1304
96,02CF100,0.0,1
97,02CG001,0.0,1
98,02CG003,0.8722781102763275,840
99,02CG004,0.3720871004711575,459
100,02DA001,0.0,1
101,02DB001,0.0,1
102,02DB002,0.0,1
103,02DB003,0.0,1
104,02DB004,0.0,1
105,02DB005,1.0,1057
106,02DB006,0.0,1
107,02DB007,0.9931873169489368,1288
108,02DB008,0.0464790525913663,411
109,02DC001,0.0,1
110,02DC002,0.0,1
111,02DC003,0.0,1
112,02DC004,1.0,963
113,02DC005,0.0,1
114,02DC006,0.0,1
115,02DC007,0.0,1
116,02DC008,0.0,1
117,02DC009,0.0,1
118,02DC011,0.9562587546160702,1
119,02DC012,0.8604355023557876,1287
120,02DC013,0.3255443779447345,1600
121,02DD001,0.0,1
122,02DD002,0.0,1
123,02DD004,0.0,1
124,02DD005,0.0,1
125,02DD007,0.0,1
126,02DD008,0.0,1
127,02DD009,0.0,1
128,02DD010,1.0,927
129,02DD012,1.0,1773
130,02DD013,1.0,1502
131,02DD014,1.0,1127
132,02DD015,1.0,1450
133,02DD016,1.0,499
134,02DD017,1.0,1137
135,02DD019,0.0,1
136,02DD020,0.953457277473577,1007
137,02DD024,0.3488475741754743,1432
138,02DD026,0.3255443779447345,917
139,02DD029,0.0464790525913663,391
140,02DD030,0.0464790525913663,378
141,02DD031,0.0464790525913663,464
142,02EA001,0.0,1
143,02EA005,1.0,1365
144,02EA006,0.0,1
145,02EA007,0.0,1
146,02EA008,0.0,1
147,02EA009,0.0,1
148,02EA010,1.0,1385
149,02EA011,1.0,1391
150,02EA012,0.0,1
151,02EA018,0.4700751305233668,1241
152,02EA021,0.3536864892397809,1393
153,02EB002,0.0,1
154,02EB003,0.0,1
155,02EB004,1.0,1234
156,02EB005,0.0,1
157,02EB006,1.0,1175
158,02EB007,0.0,1
159,02EB008,1.0,1123
160,02EB009,0.0,1
161,02EB010,0.0,1
162,02EB011,1.0,1571
163,02EB012,1.0,1040
164,02EB013,1.0,1331
165,02EB014,0.961288679485547,1253
166,02EB103,0.0,1
167,02EB104,0.0,1
168,02EB105,0.0,1
169,02EC001,0.0,1
170,02EC002,1.0,1477
171,02EC003,1.0,1123
172,02EC004,0.99980899019483,1
173,02EC006,0.0,1
174,02EC007,0.0,1
175,02EC008,0.917993123647014,1320
176,02EC009,1.0,1245
177,02EC010,1.0,876
178,02EC011,1.0,1498
179,02EC012,0.0,1
180,02EC014,0.7209346746466319,1
181,02EC018,0.8318477015153445,846
182,02EC019,0.3953266267668407,1457
183,02EC020,0.3895963326117407,1025
184,02EC021,0.3895963326117407,758
185,02EC022,0.1968037692601553,1458
186,02EC101,0.0,1
187,02EC103,0.0,1
188,02EC918,0.697631478415892,1
189,02ED001,0.0,1
190,02ED003,1.0,1168
191,02ED004,0.0,1
192,02ED005,0.0,1
193,02ED007,1.0,632
194,02ED009,0.0,1
195,02ED010,0.0,1
196,02ED011,0.0,1
197,02ED013,0.8371959760601044,1293
198,02ED014,1.0,556
199,02ED015,0.8041512797656947,1235
200,02ED016,0.8028142111295047,1
201,02ED017,0.802941550999618,1079
202,02ED018,0.8030688908697313,1
203,02ED019,0.8038966000254679,1
204,02ED024,0.800267413727238,1379
205,02ED025,0.7809754234050681,1
206,02ED026,0.7733987011333249,1029
207,02ED027,0.691137145040112,995
208,02ED028,0.5443142747994397,1
209,02ED029,0.5348911244110531,1987
210,02ED030,0.3953266267668407,495
211,02ED031,0.3895963326117407,1713
212,02ED032,0.3895963326117407,1177
213,02ED100,1.0,1248
214,02ED101,0.6046097032981026,867
215,02ED102,1.0,1214
216,02FA001,1.0,1292
217,02FA002,1.0,1372
218,02FA004,0.8371959760601044,1647
219,02FB001,0.0,1
220,02FB003,0.0,1
221,02FB004,0.0,1
222,02FB005,0.0,1
223,02FB006,0.0,1
224,02FB007,1.0,1259
225,02FB008,0.0,1
226,02FB009,1.0,1069
227,02FB010,1.0,1449
228,02FB012,0.3895963326117407,1305
229,02FB013,0.3895963326117407,866
230,02FB014,0.3895963326117407,1113
231,02FC001,1.0,1113
232,02FC002,1.0,1158
233,02FC004,0.0,1
234,02FC005,0.0,1
235,02FC009,0.0,1
236,02FC011,1.0,1435
237,02FC012,1.0,1380
238,02FC013,0.0,1
239,02FC014,0.0,1
240,02FC015,1.0,1323
241,02FC016,1.0,1496
242,02FC017,0.8621545906023176,1165
243,02FC018,0.8389787342416911,1
244,02FC019,0.697631478415892,1
245,02FC020,0.3895963326117407,1326
246,02FC021,0.3895963326117407,912
247,02FD001,1.0,1451
248,02FD002,1.0,1281
249,02FD003,0.4686743919521202,1413
250,02FE001,0.0,1
251,02FE002,1.0,1587
252,02FE003,1.0,1352
253,02FE004,0.0,1
254,02FE005,1.0,1513
255,02FE007,1.0,1609
256,02FE008,1.0,1758
257,02FE009,1.0,1698
258,02FE010,0.4736406468865402,1466
259,02FE011,0.9635171272125302,1473
260,02FE013,0.9112441105310072,1769
261,02FE014,0.8858398064433974,1405
262,02FE015,0.7906532535336814,1559
263,02FE016,0.3953266267668407,1591
264,02FE017,0.3895963326117407,1239
265,02FE018,0.1105310072583726,562
266,02FF001,0.0,1
267,02FF002,1.0,1799
268,02FF003,0.0,1
269,02FF004,1.0,967
270,02FF005,0.0,1
271,02FF006,0.0,1
272,02FF007,1.0,1761
273,02FF008,1.0,1430
274,02FF009,0.8916974404686108,1497
275,02FF011,0.4722399083152935,821
276,02FF012,0.4682287024067235,1
277,02FF013,0.3895963326117407,1502
278,02FF014,0.3953266267668407,1089
279,02FF015,0.3953266267668407,843
280,02FF016,0.1338978734241691,748
281,02GA001,0.0,1
282,02GA002,0.0,1
283,02GA003,1.0,925
284,02GA004,0.0,1
285,02GA005,0.3895963326117407,2090
286,02GA006,0.4712848592894435,1169
287,02GA007,0.0,1
288,02GA008,0.0,1
289,02GA009,0.0,1
290,02GA010,1.0,1229
291,02GA011,0.0,1
292,02GA012,0.0,1
293,02GA013,0.0,1
294,02GA014,1.0,1634
295,02GA015,1.0,1047
296,02GA016,1.0,1075
297,02GA017,0.0,1
298,02GA018,1.0,1682
299,02GA020,0.0,1
300,02GA022,0.0,1
301,02GA023,1.0,1186
302,02GA024,1.0,1339
303,02GA027,0.0,1
304,02GA028,1.0,1044
305,02GA029,1.0,1298
306,02GA030,1.0,710
307,02GA031,1.0,934
308,02GA033,0.0,1
309,02GA034,1.0,1228
310,02GA035,0.0,1
311,02GA036,0.0,1
312,02GA037,0.0,1
313,02GA038,1.0,1657
314,02GA039,1.0,2030
315,02GA040,1.0,1472
316,02GA041,0.8907423914427607,1318
317,02GA042,0.7714249331465682,3206
318,02GA043,0.6900547561441487,477
319,02GA045,0.5672991213548962,1865
320,02GA047,0.4713485292245002,1057
321,02GA048,0.3862854959887941,1096
322,02GA049,0.1570100598497389,779
323,02GA050,0.1098943079078059,403
324,02GB001,1.0,1023
325,02GB002,0.0,1
326,02GB003,0.0,1
327,02GB004,0.0,1
328,02GB005,0.0,1
329,02GB006,1.0,1450
330,02GB007,1.0,972
331,02GB008,1.0,1397
332,02GB009,0.0,1
333,02GB010,1.0,1459
334,02GB011,0.0,1
335,02GC001,0.0,1
336,02GC002,1.0,1685
337,02GC004,0.0,1
338,02GC005,0.0,1
339,02GC006,1.0,970
340,02GC007,1.0,1007
341,02GC008,1.0,718
342,02GC009,0.0,1
343,02GC010,1.0,1217
344,02GC011,0.391060741118044,1435
345,02GC012,0.0,1
346,02GC013,0.0,1
347,02GC014,0.4688017318222335,1
348,02GC015,0.0,1
349,02GC016,0.0,1
350,02GC017,1.0,1262
351,02GC018,1.0,1599
352,02GC021,1.0,2333
353,02GC022,1.0,1894
354,02GC023,0.0,1
355,02GC024,0.0,1
356,02GC025,0.0,1
357,02GC026,1.0,1137
358,02GC029,0.8643193683942443,1419
359,02GC030,0.8371959760601044,1392
360,02GC031,0.8145294791799312,1306
361,02GC033,0.8005857634025213,1
362,02GC034,0.7634025213294282,1
363,02GC035,0.763657201069655,1
364,02GC036,0.3488475741754743,939
365,02GC037,0.1700623965363555,565
366,02GC038,0.1570737297847956,647
367,02GD001,1.0,1285
368,02GD003,1.0,1542
369,02GD004,1.0,1545
370,02GD005,1.0,1371
371,02GD006,0.0,1
372,02GD007,0.0,1
373,02GD008,1.0,1595
374,02GD009,1.0,1011
375,02GD010,1.0,1513
376,02GD011,1.0,1331
377,02GD012,0.0,1
378,02GD013,0.0,1
379,02GD014,1.0,1708
380,02GD015,1.0,1473
381,02GD016,1.0,1046
382,02GD018,1.0,1412
383,02GD019,1.0,1020
384,02GD020,0.0,1
385,02GD021,1.0,1522
386,02GD022,0.8371959760601044,2902
387,02GD023,0.8312110021647778,1
388,02GD025,0.7977206163249714,1
389,02GD026,0.6743919521202089,1185
390,02GD027,0.4714758690946135,1506
391,02GD028,0.4704571501337068,991
392,02GE001,0.0,1
393,02GE002,1.0,1332
394,02GE003,1.0,1271
395,02GE005,1.0,1473
396,02GE006,1.0,1218
397,02GE007,1.0,2378
398,02GE008,0.4696294409779702,1330
399,02GE009,0.0872914809626894,231
400,02GG002,1.0,1357
401,02GG003,0.9069782248822106,1454
402,02GG004,0.0,1
403,02GG005,1.0,1257
404,02GG006,1.0,1606
405,02GG007,0.0,1
406,02GG009,0.9691200814975168,1806
407,02GG013,0.3895963326117407,1509
408,02GH001,0.0,1
409,02GH002,1.0,1258
410,02GH003,1.0,1333
411,02GH004,0.9487457022793836,260
412,02GH011,0.9302177511778938,1543
413,02GH016,0.1338978734241691,591
414,02HA006,1.0,1584
415,02HA007,1.0,1425
416,02HA014,1.0,1601
417,02HA020,0.8371959760601044,1746
418,02HA022,0.7906532535336814,1
419,02HA023,0.7906532535336814,1
420,02HA024,0.7977206163249714,1
421,02HA026,0.6915828345855087,1
422,02HA027,0.744174200942315,1
423,02HA028,0.7115115242582453,1
424,02HA029,0.703361772570992,1
425,02HA030,0.3895963326117407,632
426,02HA031,0.3895963326117407,915
427,02HA032,0.1628040239398955,663
428,02HB001,1.0,630
429,02HB002,0.0,1
430,02HB004,1.0,1446
431,02HB005,1.0,1244
432,02HB006,0.0,1
433,02HB007,0.8867311855341907,1392
434,02HB008,1.0,1155
435,02HB010,0.0,1
436,02HB011,1.0,1368
437,02HB012,1.0,1193
438,02HB013,1.0,845
439,02HB015,1.0,1132
440,02HB016,0.0,1
441,02HB018,0.9383038329300905,828
442,02HB019,0.924487457022794,1
443,02HB020,0.924487457022794,785
444,02HB021,0.8465554565134343,339
445,02HB022,0.7780466063924615,1314
446,02HB023,0.8345218387877245,1397
447,02HB024,0.8324844008659111,455
448,02HB025,0.794919139182478,981
449,02HB026,0.5926397555074494,1
450,02HB027,0.4807080096778301,857
451,02HB028,0.3895963326117407,690
452,02HB029,0.3895963326117407,1044
453,02HB030,0.3895963326117407,3535
454,02HB031,0.3895963326117407,615
455,02HB032,0.3895963326117407,1341
456,02HB033,0.1586018082261556,923
457,02HB034,0.0,1
458,02HC002,0.0,1
459,02HC003,1.0,1141
460,02HC004,0.0,1
461,02HC005,1.0,1559
462,02HC006,0.9991722908442632,1
463,02HC007,0.0,1
464,02HC008,0.0,1
465,02HC009,1.0,1264
466,02HC010,0.0,1
467,02HC011,0.0,1
468,02HC012,0.0,1
469,02HC013,1.0,1226
470,02HC014,0.0,1
471,02HC015,0.0,1
472,02HC017,1.0,1116
473,02HC018,1.0,1223
474,02HC019,1.0,1512
475,02HC022,1.0,1249
476,02HC023,1.0,864
477,02HC024,1.0,887
478,02HC025,1.0,820
479,02HC026,0.0,1
480,02HC027,1.0,1185
481,02HC028,1.0,1229
482,02HC029,0.0,1
483,02HC030,1.0,1403
484,02HC031,1.0,1363
485,02HC032,1.0,1447
486,02HC033,1.0,1544
487,02HC034,0.0,1
488,02HC035,0.0,1
489,02HC036,0.0,1
490,02HC037,0.0,1
491,02HC038,1.0,947
492,02HC039,0.0,1
493,02HC040,0.0,1
494,02HC060,0.0,1
495,02HC105,0.0,1
496,02HC106,0.0,1
497,02HC114,0.99369667642939,1
498,02HD001,0.0,1
499,02HD002,0.0,1
500,02HD003,1.0,1746
501,02HD004,1.0,1751
502,02HD006,1.0,1148
503,02HD007,0.0,1
504,02HD008,1.0,897
505,02HD009,1.0,914
506,02HD010,1.0,980
507,02HD012,1.0,704
508,02HD013,0.9884120718196868,480
509,02HD014,0.9884120718196868,1
510,02HD018,0.4758690946135235,594
511,02HD019,0.4808353495479434,1041
512,02HD020,0.3895963326117407,803
513,02HD021,0.3895963326117407,544
514,02HD022,0.3895963326117407,949
515,02HD023,0.3895963326117407,960
516,02HD024,0.1575830892652489,514
517,02HE001,0.0,1
518,02HE002,1.0,1256
519,02HE003,0.0,1
520,02HE004,0.3941805679358207,1409
521,02HF002,1.0,841
522,02HF003,1.0,1176
523,02HF004,0.0,1
524,02HF005,0.036801222462753,363
525,02HG001,0.9375397937094104,1
526,02HG002,0.697631478415892,858
527,02HG003,0.3895963326117407,1461
528,02HH001,0.0,1
529,02HH002,0.0,1
530,02HH003,0.4325735387749904,652
531,02HJ001,1.0,1363
532,02HJ002,0.0,1
533,02HJ003,1.0,1534
534,02HJ005,0.4807716796128868,414
535,02HJ006,0.3895963326117407,1348
536,02HJ007,0.3895963326117407,705
537,02HK002,0.0,1
538,02HK003,1.0,1550
539,02HK004,0.0,1
540,02HK005,1.0,1496
541,02HK006,1.0,1604
542,02HK007,0.9597606010441868,970
543,02HK008,0.9375397937094104,1297
544,02HK009,0.920094231503884,1058
545,02HK010,0.5581306507067363,1
546,02HK011,0.697631478415892,1024
547,02HK012,0.6511524258245257,1
548,02HK014,0.6348529224500191,1
549,02HK015,0.3895963326117407,1083
550,02HK016,0.3895963326117407,982
551,02HK017,0.3895963326117407,1474
552,02HK802,0.6511524258245257,1
553,02HK902,0.697631478415892,1
554,02HL001,1.0,1599
555,02HL003,1.0,1592
556,02HL004,1.0,1746
557,02HL005,1.0,1537
558,02HL006,0.8867948554692474,1
559,02HL007,0.4786069018209601,1624
560,02HL008,0.3895963326117407,1656
561,02HL101,0.0,1
562,02HL102,0.0,1
563,02HL103,0.0,1
564,02HL104,0.0,1
565,02HM001,0.0,1
566,02HM002,1.0,1236
567,02HM003,1.0,1730
568,02HM004,1.0,1487
569,02HM005,1.0,1602
570,02HM006,1.0,1466
571,02HM007,1.0,1514
572,02HM009,0.7906532535336814,591
573,02HM010,0.4772061632497135,1631
574,02HM011,0.3953266267668407,1189
575,02MA001,0.3830383293009041,2504
576,02MA002,0.0,1
577,03115973,0.7268559786069019,902
578,04014500,0.0,1
579,04015330,1.0,1711
580,04015500,0.0,1
581,04016000,0.0,1
582,04016500,0.0,1
583,04018750,0.0,1
584,04021520,0.4093340124793073,1597
585,04024000,1.0,1311
586,04024098,0.0,1
587,04024430,1.0,1447
588,04025500,1.0,382
589,04027000,1.0,1155
590,04027500,1.0,694
591,04029990,0.8430536100853178,239
592,04031000,1.0,1527
593,04031500,0.0,1
594,04032000,0.2675410671081115,1915
595,04033000,1.0,842
596,04034500,1.0,170
597,04035500,0.0,1
598,04036000,1.0,1215
599,04037500,1.0,1168
600,04039500,0.246275308799185,309
601,04040000,1.0,1149
602,04040500,1.0,1464
603,04041500,1.0,1008
604,04043050,1.0,1031
605,04043140,0.3547052082006876,455
606,04043150,0.4942060359098433,1257
607,04043238,0.4205399210492805,764
608,04043244,0.401184260792054,498
609,04043275,0.4205399210492805,871
610,04044400,0.0,1
611,04044724,0.6802495861454221,758
612,04045500,1.0,1111
613,04046000,0.6570100598497389,980
614,04056500,1.0,1038
615,04057000,0.7073729784795619,1
616,04057510,1.0,1622
617,04057800,1.0,1328
618,04058100,1.0,990
619,04058200,1.0,1089
620,04058500,0.0,1
621,04059000,1.0,1086
622,04059500,1.0,1462
623,04060500,1.0,869
624,04060993,1.0,754
625,04061000,0.0,1
626,04061500,0.0,1
627,04062000,1.0,575
628,04062011,0.7732713612632115,899
629,04062200,0.5174455622055265,254
630,04062500,1.0,947
631,04063000,1.0,775
632,04063500,1.0,562
633,04063700,1.0,1211
634,04064500,0.6140328536864892,939
635,04065106,0.7034891124411053,735
636,04065300,0.0,1
637,04065500,0.0,1
638,04065722,0.8159302177511779,785
639,04066003,0.9361390551381638,794
640,04066030,0.5639882847319496,777
641,04066500,0.5252132942824398,790
642,04066800,1.0,831
643,04067000,0.0,1
644,04067500,1.0,833
645,04067958,0.5717560168088629,856
646,04069416,0.5717560168088629,992
647,04069500,1.0,1018
648,04071000,1.0,904
649,04071765,0.7965108875588947,1010
650,04071858,0.0,1
651,04072150,0.8062523876225646,2759
652,04072845,0.3547688781357443,162
653,04073462,0.9554310454603336,903
654,04073473,0.6084935693365593,4110
655,04073500,1.0,838
656,04073970,0.3547052082006876,195
657,04074538,0.0,1
658,04074548,0.947726983318477,1
659,04074950,0.98261810772953,826
660,04077400,0.8663568063160576,1
661,04077630,0.7034891124411053,612
662,04078500,1.0,938
663,04079000,1.0,837
664,04080000,0.9361390551381638,835
665,04081000,0.9361390551381638,467
666,04082400,0.7064815993887686,1022
667,04084500,1.0,567
668,04085119,0.750095504902585,1
669,040851325,0.448109002928817,661
670,04085200,1.0,1303
671,04085281,0.0,1
672,04085427,1.0,1471
673,04086000,1.0,1298
674,04086500,1.0,1282
675,04086600,0.9573411435120336,1114
676,04087000,1.0,1138
677,04087030,1.0,1545
678,04087050,0.99980899019483,1207
679,04087070,0.436075385203107,1527
680,04087088,0.9884120718196868,1377
681,04087119,0.99942697058449,1299
682,04087120,1.0,1414
683,040871488,0.6049917229084426,2063
684,04087159,0.9360753852031072,1399
685,04087204,1.0,1557
686,04087214,0.436075385203107,1389
687,04087220,1.0,1554
688,04087240,1.0,1699
689,04087257,1.0,1550
690,04093000,1.0,1399
691,04094000,1.0,1057
692,04094500,0.0,1
693,04095300,1.0,959
694,04095380,0.6214822360881191,1616
695,04096015,0.6396281675792691,2051
696,04096100,0.0,1
697,04096400,0.0,1
698,04096405,1.0,1138
699,04096515,1.0,1472
700,04096600,0.0,1
701,04096900,0.0,1
702,04097500,1.0,972
703,04097540,1.0,1015
704,04099000,1.0,858
705,04099510,1.0,1148
706,04099750,1.0,939
707,04099808,0.0,1
708,04099850,0.0,1
709,04100222,1.0,1302
710,04100252,0.0,1
711,04100295,0.0,1
712,04100500,1.0,1055
713,04101000,1.0,807
714,04101370,0.7034891124411053,880
715,04101500,1.0,810
716,04101800,1.0,653
717,04102500,1.0,822
718,04102700,1.0,1132
719,04102776,0.6570100598497389,4310
720,04103010,0.8430536100853178,170
721,04103500,1.0,725
722,04104945,0.6570100598497389,971
723,04105000,1.0,1090
724,04105500,1.0,899
725,04105700,1.0,755
726,04106000,0.8895326626766841,807
727,04106180,0.9360753852031072,1
728,04106300,0.0,1
729,04106320,1.0,3511
730,04106400,1.0,894
731,04106500,1.0,3250
732,04108500,0.0,1
733,04108600,1.0,1070
734,04108670,0.6686616579651089,73
735,04108800,1.0,1670
736,04108801,0.0,1
737,04109000,1.0,1052
738,04111000,1.0,1033
739,04111379,1.0,1591
740,04111500,1.0,244
741,04112000,1.0,1200
742,04112500,1.0,1375
743,04113000,1.0,1132
744,04114000,1.0,1143
745,04114498,1.0,1264
746,04114500,0.0,1
747,04115000,1.0,1442
748,04115265,0.8198140837896345,768
749,04116000,1.0,1199
750,04116500,0.0,1
751,04117000,0.6570100598497389,750
752,04117500,1.0,998
753,04118000,0.0,1
754,04118500,1.0,754
755,04119000,1.0,934
756,04121300,1.0,680
757,04121500,1.0,929
758,04121900,0.0,1
759,04121944,0.6337705335540558,787
760,04121970,0.6337705335540558,602
761,04122000,0.0,1
762,04122100,1.0,1182
763,04122200,1.0,799
764,04122500,1.0,755
765,04123500,0.0523366866165796,103
766,04124000,1.0,723
767,04124200,0.6065834712848593,303
768,04124500,0.7267923086718452,984
769,04125460,1.0,486
770,04125500,0.0,1
771,04125550,0.6104673373233159,262
772,04126000,0.0,1
773,04126740,0.7620017827581815,202
774,04126970,0.5885648796638228,438
775,04127000,0.0,1
776,04127800,1.0,233
777,04127918,1.0,315
778,04127997,1.0,374
779,04128000,0.0,1
780,04128990,1.0,669
781,04129000,0.0,1
782,04129500,0.0,1
783,04130000,0.0,1
784,04130500,0.0,1
785,04133500,0.0,1
786,04133501,1.0,907
787,04134000,0.0,1
788,04135500,0.0,1
789,04135600,0.0,1
790,04135700,1.0,556
791,04136000,0.6337705335540558,645
792,04136500,1.0,545
793,04136900,0.6104673373233159,430
794,04137005,0.6104673373233159,412
795,04137500,0.8236979498280912,439
796,04138500,0.0,1
797,04140500,0.0,1
798,04142000,1.0,784
799,04143500,0.0,1
800,04143900,0.0,1
801,04144000,0.0,1
802,04145000,1.0,4268
803,04146000,1.0,1384
804,04146063,0.9961798038966,1190
805,04147500,1.0,1210
806,04148140,1.0,1329
807,04148500,1.0,1126
808,04149000,1.0,4338
809,04150000,0.0,1
810,04150500,1.0,4337
811,04150800,0.0,1
812,04151500,1.0,1462
813,04152238,0.8371959760601044,937
814,04152500,1.0,2082
815,04153500,0.0363555329173564,414
816,04154000,1.0,837
817,04155000,1.0,179
818,04155500,1.0,1012
819,04156000,1.0,1228
820,04158500,0.0,1
821,04159492,1.0,1511
822,04159500,0.0,1
823,04159900,0.8198140837896345,1598
824,04160600,1.0,1300
825,04160800,0.0,1
826,04160900,0.0,1
827,04161000,1.0,1042
828,04161100,0.0,1
829,04161500,0.7965108875588947,1
830,04161540,1.0,976
831,04161580,1.0,655
832,04161800,1.0,568
833,04161820,1.0,963
834,04162900,0.0,1
835,04163400,1.0,1394
836,04164000,1.0,1005
837,04164100,1.0,1166
838,04164300,1.0,1215
839,04164500,1.0,1509
840,04165500,1.0,1103
841,04166000,1.0,1052
842,04166100,1.0,1088
843,04166300,1.0,1043
844,04166500,1.0,1302
845,04167000,0.912835858907424,1175
846,04168000,1.0,865
847,04168580,0.4768241436393735,1238
848,04170000,1.0,1912
849,04170500,1.0,550
850,04172000,1.0,828
851,04173500,1.0,1114
852,04174500,1.0,1024
853,04174518,0.5524003565516363,1196
854,04175600,1.0,1128
855,04176000,0.8895326626766841,1136
856,04176500,1.0,1256
857,04176605,0.8198140837896345,232
858,04177000,1.0,1705
859,04177720,1.0,1627
860,04178000,1.0,1522
861,04179000,0.0,1
862,04179520,0.4949064051954667,1606
863,04180000,1.0,1469
864,04180500,0.912835858907424,1288
865,04180988,0.401184260792054,1635
866,04181500,1.0,1758
867,04182000,1.0,1747
868,04182950,0.4436521074748504,1502
869,04183000,1.0,1518
870,04183500,1.0,2483
871,04184500,1.0,1466
872,04185000,1.0,1616
873,04185440,0.8662931363810009,874
874,04186500,1.0,1830
875,04187500,0.0,1
876,04188337,0.3547052082006876,1933
877,04188400,0.3547052082006876,1831
878,04188433,0.3547052082006876,1400
879,04188496,0.3547052082006876,1732
880,04189000,1.0,1635
881,04192500,1.0,1678
882,04193500,1.0,1683
883,04195500,1.0,1703
884,04195820,0.5678721507704062,1735
885,04196000,1.0,1770
886,04196500,1.0,1714
887,04196800,1.0,2039
888,04197000,0.0,1
889,04197100,1.0,1925
890,04197170,0.9206035909843372,1516
891,04198000,1.0,1758
892,04199000,1.0,1627
893,04199155,0.8198140837896345,1470
894,04199500,1.0,1812
895,04200500,1.0,1791
896,04201500,1.0,1586
897,04202000,1.0,1167
898,04206000,1.0,1120
899,04206043,0.5175092321405832,954
900,04206212,0.7267923086718452,911
901,04206220,0.7267923086718452,923
902,04207200,1.0,1330
903,04208000,1.0,1161
904,04208460,0.4980899019483,1306
905,04208504,0.7267923086718452,1099
906,04209000,1.0,1417
907,04212100,1.0,1682
908,04212500,0.0,1
909,04213000,1.0,1667
910,04213040,0.0,1
911,04213075,0.851967400993251,1152
912,04213500,1.0,1212
913,04214500,1.0,1993
914,04215000,1.0,1720
915,04215500,1.0,1494
916,04216200,0.0,1
917,04216418,1.0,1396
918,04216500,0.0,1
919,04217000,1.0,1584
920,04217500,0.0,1
921,04218000,1.0,1589
922,04218518,1.0,1272
923,04220250,0.4328282185152171,1
924,0422026250,0.7732713612632115,1033
925,04221000,1.0,1487
926,04223000,1.0,1348
927,04224775,1.0,1333
928,04227000,1.0,1447
929,04227500,1.0,1359
930,04227995,0.6232013243346491,1101
931,04228500,1.0,1348
932,04229500,1.0,1727
933,04230380,1.0,1534
934,04230500,1.0,1361
935,04231000,1.0,1623
936,04231600,1.0,1417
937,04232000,0.0,1
938,04232034,0.7329682923723417,2394
939,04232050,1.0,1167
940,0423205010,0.9786705717560168,1037
941,04232100,0.9243601171526804,3009
942,04232482,1.0,1254
943,04233000,1.0,497
944,04233286,0.4681650324716668,1478
945,04233300,0.646886540175729,1402
946,04234000,1.0,1379
947,0423401815,0.3824652998853941,2325
948,04235250,1.0,1734
949,04235500,0.0,1
950,04237500,1.0,733
951,04237962,0.4942060359098433,1053
952,04239000,1.0,1565
953,04240010,1.0,1168
954,04240100,0.9476633133834204,965
955,04240120,0.9476633133834204,1167
956,04240180,1.0,721
957,04240200,0.0,1
958,04240300,1.0,992
959,04240503,0.1537628931618489,1
960,04242500,1.0,1353
961,04243500,1.0,1267
962,04245000,0.0,1
963,04245200,0.0,1
964,04246500,0.0,1
965,04247000,0.6072838405704826,1281
966,04249000,1.0,1109
967,04250200,0.701260664714122,968
968,04250750,1.0,1647
969,04252500,1.0,1178
970,04256000,1.0,1277
971,04257000,0.0,1
972,04258000,1.0,908
973,04260500,1.0,1046
974,04263000,1.0,1277
975,05535070,1.0,1578
