basin_id,discharge_coverage
02AA001,1.0
02AA002,0.0
02AB001,0.0
02AB002,0.0
02AB004,1.0
02AB005,0.0
02AB006,1.0
02AB007,0.0
02AB008,1.0
02AB009,1.0
02AB010,1.0
02AB011,1.0
02AB012,0.9996816503247167
02AB013,1.0
02AB014,1.0
02AB015,1.0
02AB016,1.0
02AB017,1.0
02AB019,0.8644467082643575
02AB020,0.8371959760601044
02AB021,0.7906532535336814
02AB022,0.4584872023430536
02AB023,0.3639373487839042
02AB024,0.3608175219661276
02AB025,0.3555329173564243
02AC001,1.0
02AC002,1.0
02AD010,1.0
02AD011,0.8184133452183878
02AE001,1.0
02BA002,1.0
02BA003,1.0
02BA005,0.7882337960015281
02BA006,0.4602062905895836
02BB002,1.0
02BB003,1.0
02BB004,0.886667515599134
02BC002,0.0
02BC003,0.0
02BC004,1.0
02BC005,0.6743919521202089
02BC006,0.3720871004711575
02BC008,0.09302177511778938
02BD001,0.0
02BD002,1.0
02BD003,1.0
02BD006,0.7674137272379982
02BD007,0.4883484018846301
02BE001,0.0
02BE002,1.0
02BF001,1.0
02BF002,1.0
02BF003,0.0
02BF004,1.0
02BF005,0.9887940914300267
02BF006,1.0
02BF007,0.9655545651343436
02BF014,0.3720871004711575
02CA002,1.0
02CA007,0.3720871004711575
02CB001,1.0
02CB002,0.0
02CB003,0.9837641665605501
02CC002,0.0
02CC003,0.0
02CC004,0.0
02CC005,1.0
02CC006,0.0
02CC007,1.0
02CC008,1.0
02CC009,1.0
02CC010,0.9842735260410035
02CD001,1.0
02CD002,1.0
02CD003,1.0
02CD004,1.0
02CD005,1.0
02CD006,1.0
02CE001,1.0
02CE002,1.0
02CE003,0.0
02CE004,1.0
02CE007,0.3866038456640774
02CE103,0.0
02CF001,0.0
02CF002,0.0
02CF004,0.99980899019483
02CF005,1.0
02CF007,1.0
02CF008,1.0
02CF009,1.0
02CF010,1.0
02CF011,1.0
02CF012,1.0
02CF013,0.9718578887049535
02CF014,0.40634152553164393
02CF100,0.0
02CG001,0.0
02CG003,0.8722781102763275
02CG004,0.3720871004711575
02DA001,0.0
02DB001,0.0
02DB002,0.0
02DB003,0.0
02DB004,0.0
02DB005,1.0
02DB006,1.0
02DB007,0.9931873169489367
02DB008,0.04647905259136636
02DC001,0.0
02DC002,0.0
02DC003,1.0
02DC004,1.0
02DC005,0.0
02DC006,0.0
02DC007,1.0
02DC008,1.0
02DC009,0.0
02DC011,0.9562587546160702
02DC012,0.8604355023557876
02DC013,0.3255443779447345
02DD001,0.0
02DD002,0.0
02DD004,0.0
02DD005,1.0
02DD007,1.0
02DD008,1.0
02DD009,1.0
02DD010,1.0
02DD012,1.0
02DD013,1.0
02DD014,1.0
02DD015,1.0
02DD016,1.0
02DD017,1.0
02DD019,1.0
02DD020,0.953457277473577
02DD024,0.34884757417547435
02DD026,0.3255443779447345
02DD029,0.04647905259136636
02DD030,0.04647905259136636
02DD031,0.04647905259136636
02EA001,0.0
02EA005,1.0
02EA006,1.0
02EA007,0.0
02EA008,0.0
02EA009,0.0
02EA010,1.0
02EA011,1.0
02EA012,0.0
02EA018,0.47007513052336686
02EA021,0.35368648923978097
02EB002,0.0
02EB003,0.0
02EB004,1.0
02EB005,0.0
02EB006,1.0
02EB007,0.0
02EB008,1.0
02EB009,0.0
02EB010,0.0
02EB011,1.0
02EB012,1.0
02EB013,1.0
02EB014,0.961288679485547
02EB103,0.0
02EB104,0.0
02EB105,0.0
02EC001,0.0
02EC002,1.0
02EC003,1.0
02EC004,0.99980899019483
02EC006,1.0
02EC007,1.0
02EC008,0.9179931236470139
02EC009,1.0
02EC010,1.0
02EC011,1.0
02EC012,1.0
02EC014,0.7209346746466319
02EC018,0.8318477015153445
02EC019,0.3953266267668407
02EC020,0.38959633261174076
02EC021,0.38959633261174076
02EC022,0.19680376926015536
02EC101,1.0
02EC103,1.0
02EC918,0.697631478415892
02ED001,0.0
02ED003,1.0
02ED004,0.0
02ED005,1.0
02ED007,1.0
02ED009,1.0
02ED010,1.0
02ED011,1.0
02ED013,0.8371959760601044
02ED014,1.0
02ED015,0.8041512797656947
02ED016,0.8028142111295047
02ED017,0.802941550999618
02ED018,0.8030688908697313
02ED019,0.8038966000254679
02ED024,0.800267413727238
02ED025,0.7809754234050681
02ED026,0.7733987011333249
02ED027,0.691137145040112
02ED028,0.5443142747994397
02ED029,0.5348911244110531
02ED030,0.3953266267668407
02ED031,0.38959633261174076
02ED032,0.38959633261174076
02ED100,1.0
02ED101,0.6046097032981026
02ED102,1.0
02FA001,1.0
02FA002,1.0
02FA004,0.8371959760601044
02FB001,0.0
02FB003,0.0
02FB004,0.0
02FB005,0.0
02FB006,0.0
02FB007,1.0
02FB008,0.0
02FB009,1.0
02FB010,1.0
02FB012,0.38959633261174076
02FB013,0.38959633261174076
02FB014,0.38959633261174076
02FC001,1.0
02FC002,1.0
02FC004,0.0
02FC005,0.0
02FC009,0.0
02FC011,1.0
02FC012,1.0
02FC013,1.0
02FC014,0.0
02FC015,1.0
02FC016,1.0
02FC017,0.8621545906023176
02FC018,0.8389787342416911
02FC019,0.697631478415892
02FC020,0.38959633261174076
02FC021,0.38959633261174076
02FD001,1.0
02FD002,1.0
02FD003,0.4686743919521202
02FE001,0.0
02FE002,1.0
02FE003,1.0
02FE004,1.0
02FE005,1.0
02FE007,1.0
02FE008,1.0
02FE009,1.0
02FE010,0.4736406468865402
02FE011,0.9635171272125302
02FE013,0.9112441105310073
02FE014,0.8858398064433974
02FE015,0.7906532535336814
02FE016,0.3953266267668407
02FE017,0.38959633261174076
02FE018,0.1105310072583726
02FF001,0.0
02FF002,1.0
02FF003,0.0
02FF004,1.0
02FF005,0.0
02FF006,0.0
02FF007,1.0
02FF008,1.0
02FF009,0.8916974404686108
02FF011,0.4722399083152935
02FF012,0.46822870240672354
02FF013,0.38959633261174076
02FF014,0.3953266267668407
02FF015,0.3953266267668407
02FF016,0.13389787342416912
02GA001,0.0
02GA002,0.0
02GA003,1.0
02GA004,0.0
02GA005,0.38959633261174076
02GA006,0.4712848592894435
02GA007,0.0
02GA008,0.0
02GA009,0.0
02GA010,1.0
02GA011,0.0
02GA012,0.0
02GA013,0.0
02GA014,1.0
02GA015,1.0
02GA016,1.0
02GA017,0.0
02GA018,1.0
02GA020,0.0
02GA022,0.0
02GA023,1.0
02GA024,1.0
02GA027,0.0
02GA028,1.0
02GA029,1.0
02GA030,1.0
02GA031,1.0
02GA033,1.0
02GA034,1.0
02GA035,1.0
02GA036,1.0
02GA037,1.0
02GA038,1.0
02GA039,1.0
02GA040,1.0
02GA041,0.8907423914427607
02GA042,0.7714249331465682
02GA043,0.6900547561441487
02GA045,0.5672991213548962
02GA047,0.4713485292245002
02GA048,0.3862854959887941
02GA049,0.15701005984973895
02GA050,0.10989430790780594
02GB001,1.0
02GB002,0.0
02GB003,0.0
02GB004,0.0
02GB005,0.0
02GB006,1.0
02GB007,1.0
02GB008,1.0
02GB009,1.0
02GB010,1.0
02GB011,0.0
02GC001,0.0
02GC002,1.0
02GC004,0.0
02GC005,0.0
02GC006,1.0
02GC007,1.0
02GC008,1.0
02GC009,0.0
02GC010,1.0
02GC011,0.39106074111804406
02GC012,1.0
02GC013,1.0
02GC014,0.46880173182223356
02GC015,1.0
02GC016,0.0
02GC017,1.0
02GC018,1.0
02GC021,1.0
02GC022,1.0
02GC023,0.0
02GC024,0.0
02GC025,0.0
02GC026,1.0
02GC029,0.8643193683942443
02GC030,0.8371959760601044
02GC031,0.8145294791799312
02GC033,0.8005857634025213
02GC034,0.7634025213294282
02GC035,0.763657201069655
02GC036,0.34884757417547435
02GC037,0.17006239653635552
02GC038,0.1570737297847956
02GD001,1.0
02GD003,1.0
02GD004,1.0
02GD005,1.0
02GD006,0.0
02GD007,0.0
02GD008,1.0
02GD009,1.0
02GD010,1.0
02GD011,1.0
02GD012,1.0
02GD013,1.0
02GD014,1.0
02GD015,1.0
02GD016,1.0
02GD018,1.0
02GD019,1.0
02GD020,1.0
02GD021,1.0
02GD022,0.8371959760601044
02GD023,0.8312110021647778
02GD025,0.7977206163249714
02GD026,0.6743919521202089
02GD027,0.47147586909461353
02GD028,0.47045715013370687
02GE001,0.0
02GE002,1.0
02GE003,1.0
02GE005,1.0
02GE006,1.0
02GE007,1.0
02GE008,0.4696294409779702
02GE009,0.08729148096268942
02GG002,1.0
02GG003,0.9069782248822106
02GG004,1.0
02GG005,1.0
02GG006,1.0
02GG007,1.0
02GG009,0.9691200814975168
02GG013,0.38959633261174076
02GH001,1.0
02GH002,1.0
02GH003,1.0
02GH004,0.9487457022793837
02GH011,0.9302177511778938
02GH016,0.13389787342416912
02HA006,1.0
02HA007,1.0
02HA014,1.0
02HA020,0.8371959760601044
02HA022,0.7906532535336814
02HA023,0.7906532535336814
02HA024,0.7977206163249714
02HA026,0.6915828345855087
02HA027,0.744174200942315
02HA028,0.7115115242582453
02HA029,0.703361772570992
02HA030,0.38959633261174076
02HA031,0.38959633261174076
02HA032,0.16280402393989557
02HB001,1.0
02HB002,1.0
02HB004,1.0
02HB005,1.0
02HB006,0.0
02HB007,0.8867311855341907
02HB008,1.0
02HB010,1.0
02HB011,1.0
02HB012,1.0
02HB013,1.0
02HB015,1.0
02HB016,1.0
02HB018,0.9383038329300905
02HB019,0.9244874570227939
02HB020,0.9244874570227939
02HB021,0.8465554565134343
02HB022,0.7780466063924615
02HB023,0.8345218387877245
02HB024,0.8324844008659111
02HB025,0.794919139182478
02HB026,0.5926397555074494
02HB027,0.4807080096778301
02HB028,0.38959633261174076
02HB029,0.38959633261174076
02HB030,0.38959633261174076
02HB031,0.38959633261174076
02HB032,0.38959633261174076
02HB033,0.1586018082261556
02HB034,0.0
02HC002,0.0
02HC003,1.0
02HC004,0.0
02HC005,1.0
02HC006,0.9991722908442633
02HC007,0.0
02HC008,0.0
02HC009,1.0
02HC010,0.0
02HC011,0.0
02HC012,1.0
02HC013,1.0
02HC014,0.0
02HC015,0.0
02HC017,1.0
02HC018,1.0
02HC019,1.0
02HC022,1.0
02HC023,1.0
02HC024,1.0
02HC025,1.0
02HC026,1.0
02HC027,1.0
02HC028,1.0
02HC029,1.0
02HC030,1.0
02HC031,1.0
02HC032,1.0
02HC033,1.0
02HC034,1.0
02HC035,1.0
02HC036,0.0
02HC037,0.0
02HC038,1.0
02HC039,1.0
02HC040,0.0
02HC060,0.0
02HC105,0.0
02HC106,0.0
02HC114,0.9936966764293901
02HD001,0.0
02HD002,0.0
02HD003,1.0
02HD004,1.0
02HD006,1.0
02HD007,1.0
02HD008,1.0
02HD009,1.0
02HD010,1.0
02HD012,1.0
02HD013,0.9884120718196867
02HD014,0.9884120718196867
02HD018,0.4758690946135235
02HD019,0.48083534954794344
02HD020,0.38959633261174076
02HD021,0.38959633261174076
02HD022,0.38959633261174076
02HD023,0.38959633261174076
02HD024,0.15758308926524894
02HE001,1.0
02HE002,1.0
02HE003,0.0
02HE004,0.3941805679358207
02HF002,1.0
02HF003,1.0
02HF004,1.0
02HF005,0.03680122246275309
02HG001,0.9375397937094104
02HG002,0.697631478415892
02HG003,0.38959633261174076
02HH001,1.0
02HH002,1.0
02HH003,0.43257353877499044
02HJ001,1.0
02HJ002,1.0
02HJ003,1.0
02HJ005,0.4807716796128868
02HJ006,0.38959633261174076
02HJ007,0.38959633261174076
02HK002,1.0
02HK003,1.0
02HK004,1.0
02HK005,1.0
02HK006,1.0
02HK007,0.9597606010441869
02HK008,0.9375397937094104
02HK009,0.9200942315038839
02HK010,0.5581306507067363
02HK011,0.697631478415892
02HK012,0.6511524258245257
02HK014,0.6348529224500191
02HK015,0.38959633261174076
02HK016,0.38959633261174076
02HK017,0.38959633261174076
02HK802,0.6511524258245257
02HK902,0.697631478415892
02HL001,1.0
02HL003,1.0
02HL004,1.0
02HL005,1.0
02HL006,0.8867948554692474
02HL007,0.47860690182096016
02HL008,0.38959633261174076
02HL101,0.0
02HL102,0.0
02HL103,0.0
02HL104,0.0
02HM001,0.0
02HM002,1.0
02HM003,1.0
02HM004,1.0
02HM005,1.0
02HM006,1.0
02HM007,1.0
02HM009,0.7906532535336814
02HM010,0.4772061632497135
02HM011,0.3953266267668407
02MA001,0.3830383293009041
02MA002,1.0
03115973,0.7268559786069019
04014500,1.0
04015330,1.0
04015500,1.0
04016000,1.0
04016500,1.0
04018750,1.0
04021520,0.4093340124793073
04024000,1.0
04024098,1.0
04024430,1.0
04025500,1.0
04027000,1.0
04027500,1.0
04029990,0.8430536100853178
04031000,1.0
04031500,1.0
04032000,0.26754106710811154
04033000,1.0
04034500,1.0
04035500,1.0
04036000,1.0
04037500,1.0
04039500,0.24627530879918502
04040000,1.0
04040500,1.0
04041500,1.0
04043050,1.0
04043140,0.3547052082006876
04043150,0.49420603590984336
04043238,0.4205399210492805
04043244,0.401184260792054
04043275,0.4205399210492805
04044400,1.0
04044724,0.6802495861454221
04045500,1.0
04046000,0.6570100598497389
04056500,1.0
04057000,0.7073729784795619
04057510,1.0
04057800,1.0
04058100,1.0
04058200,1.0
04058500,1.0
04059000,1.0
04059500,1.0
04060500,1.0
04060993,1.0
04061000,1.0
04061500,1.0
04062000,1.0
04062011,0.7732713612632115
04062200,0.5174455622055265
04062500,1.0
04063000,1.0
04063500,1.0
04063700,1.0
04064500,0.6140328536864892
04065106,0.7034891124411053
04065300,1.0
04065500,1.0
04065722,0.8159302177511779
04066003,0.9361390551381638
04066030,0.5639882847319496
04066500,0.5252132942824398
04066800,1.0
04067000,1.0
04067500,1.0
04067958,0.5717560168088629
04069416,0.5717560168088629
04069500,1.0
04071000,1.0
04071765,0.7965108875588947
04071858,1.0
04072150,0.8062523876225646
04072845,0.3547688781357443
04073462,0.9554310454603336
04073473,0.6084935693365593
04073500,1.0
04073970,0.3547052082006876
04074538,1.0
04074548,0.947726983318477
04074950,0.9826181077295301
04077400,0.8663568063160576
04077630,0.7034891124411053
04078500,1.0
04079000,1.0
04080000,0.9361390551381638
04081000,0.9361390551381638
04082400,0.7064815993887686
04084500,1.0
04085119,0.750095504902585
040851325,0.448109002928817
04085200,1.0
04085281,1.0
04085427,1.0
04086000,1.0
04086500,1.0
04086600,0.9573411435120336
04087000,1.0
04087030,1.0
04087050,0.99980899019483
04087070,0.43607538520310707
04087088,0.9884120718196867
04087119,0.99942697058449
04087120,1.0
040871488,0.6049917229084426
04087159,0.9360753852031071
04087204,1.0
04087214,0.43607538520310707
04087220,1.0
04087240,1.0
04087257,1.0
04093000,1.0
04094000,1.0
04094500,1.0
04095300,1.0
04095380,0.6214822360881191
04096015,0.6396281675792691
04096100,1.0
04096400,1.0
04096405,1.0
04096515,1.0
04096600,1.0
04096900,1.0
04097500,1.0
04097540,1.0
04099000,1.0
04099510,1.0
04099750,1.0
04099808,1.0
04099850,1.0
04100222,1.0
04100252,1.0
04100295,1.0
04100500,1.0
04101000,1.0
04101370,0.7034891124411053
04101500,1.0
04101800,1.0
04102500,1.0
04102700,1.0
04102776,0.6570100598497389
04103010,0.8430536100853178
04103500,1.0
04104945,0.6570100598497389
04105000,1.0
04105500,1.0
04105700,1.0
04106000,0.8895326626766841
04106180,0.9360753852031071
04106300,1.0
04106320,1.0
04106400,1.0
04106500,1.0
04108500,1.0
04108600,1.0
04108670,0.6686616579651089
04108800,1.0
04108801,1.0
04109000,1.0
04111000,1.0
04111379,1.0
04111500,1.0
04112000,1.0
04112500,1.0
04113000,1.0
04114000,1.0
04114498,1.0
04114500,1.0
04115000,1.0
04115265,0.8198140837896345
04116000,1.0
04116500,1.0
04117000,0.6570100598497389
04117500,1.0
04118000,1.0
04118500,1.0
04119000,1.0
04121300,1.0
04121500,1.0
04121900,1.0
04121944,0.6337705335540558
04121970,0.6337705335540558
04122000,1.0
04122100,1.0
04122200,1.0
04122500,1.0
04123500,0.05233668661657965
04124000,1.0
04124200,0.6065834712848593
04124500,0.7267923086718452
04125460,1.0
04125500,1.0
04125550,0.6104673373233159
04126000,1.0
04126740,0.7620017827581815
04126970,0.5885648796638228
04127000,1.0
04127800,1.0
04127918,1.0
04127997,1.0
04128000,1.0
04128990,1.0
04129000,1.0
04129500,1.0
04130000,1.0
04130500,1.0
04133500,1.0
04133501,1.0
04134000,1.0
04135500,1.0
04135600,1.0
04135700,1.0
04136000,0.6337705335540558
04136500,1.0
04136900,0.6104673373233159
04137005,0.6104673373233159
04137500,0.8236979498280912
04138500,1.0
04140500,1.0
04142000,1.0
04143500,1.0
04143900,1.0
04144000,1.0
04145000,1.0
04146000,1.0
04146063,0.9961798038966
04147500,1.0
04148140,1.0
04148500,1.0
04149000,1.0
04150000,1.0
04150500,1.0
04150800,1.0
04151500,1.0
04152238,0.8371959760601044
04152500,1.0
04153500,0.03635553291735642
04154000,1.0
04155000,1.0
04155500,1.0
04156000,1.0
04158500,1.0
04159492,1.0
04159500,1.0
04159900,0.8198140837896345
04160600,1.0
04160800,1.0
04160900,1.0
04161000,1.0
04161100,1.0
04161500,0.7965108875588947
04161540,1.0
04161580,1.0
04161800,1.0
04161820,1.0
04162900,1.0
04163400,1.0
04164000,1.0
04164100,1.0
04164300,1.0
04164500,1.0
04165500,1.0
04166000,1.0
04166100,1.0
04166300,1.0
04166500,1.0
04167000,0.9128358589074239
04168000,1.0
04168580,0.4768241436393735
04170000,1.0
04170500,1.0
04172000,1.0
04173500,1.0
04174500,1.0
04174518,0.5524003565516363
04175600,1.0
04176000,0.8895326626766841
04176500,1.0
04176605,0.8198140837896345
04177000,1.0
04177720,1.0
04178000,1.0
04179000,1.0
04179520,0.4949064051954667
04180000,1.0
04180500,0.9128358589074239
04180988,0.401184260792054
04181500,1.0
04182000,1.0
04182950,0.4436521074748504
04183000,1.0
04183500,1.0
04184500,1.0
04185000,1.0
04185440,0.8662931363810009
04186500,1.0
04187500,1.0
04188337,0.3547052082006876
04188400,0.3547052082006876
04188433,0.3547052082006876
04188496,0.3547052082006876
04189000,1.0
04192500,1.0
04193500,1.0
04195500,1.0
04195820,0.5678721507704062
04196000,1.0
04196500,1.0
04196800,1.0
04197000,1.0
04197100,1.0
04197170,0.9206035909843372
04198000,1.0
04199000,1.0
04199155,0.8198140837896345
04199500,1.0
04200500,1.0
04201500,1.0
04202000,1.0
04206000,1.0
04206043,0.5175092321405832
04206212,0.7267923086718452
04206220,0.7267923086718452
04207200,1.0
04208000,1.0
04208460,0.4980899019483
04208504,0.7267923086718452
04209000,1.0
04212100,1.0
04212500,1.0
04213000,1.0
04213040,1.0
04213075,0.851967400993251
04213500,1.0
04214500,1.0
04215000,1.0
04215500,1.0
04216200,1.0
04216418,1.0
04216500,1.0
04217000,1.0
04217500,1.0
04218000,1.0
04218518,1.0
04220250,0.43282821851521713
0422026250,0.7732713612632115
04221000,1.0
04223000,1.0
04224775,1.0
04227000,1.0
04227500,1.0
04227995,0.6232013243346491
04228500,1.0
04229500,1.0
04230380,1.0
04230500,1.0
04231000,1.0
04231600,1.0
04232000,1.0
04232034,0.7329682923723417
04232050,1.0
0423205010,0.9786705717560168
04232100,0.9243601171526805
04232482,1.0
04233000,1.0
04233286,0.46816503247166685
04233300,0.646886540175729
04234000,1.0
0423401815,0.3824652998853941
04235250,1.0
04235500,1.0
04237500,1.0
04237962,0.49420603590984336
04239000,1.0
04240010,1.0
04240100,0.9476633133834204
04240120,0.9476633133834204
04240180,1.0
04240200,1.0
04240300,1.0
04240503,0.15376289316184896
04242500,1.0
04243500,1.0
04245000,1.0
04245200,1.0
04246500,1.0
04247000,0.6072838405704826
04249000,1.0
04250200,0.701260664714122
04250750,1.0
04252500,1.0
04256000,1.0
04257000,1.0
04258000,1.0
04260500,1.0
04263000,1.0
05535070,1.0
