basin_id,NSE
02AA001,
02AA002,
02AB001,
02AB002,
02AB004,
02AB005,
02AB006,-1.5735344681178263
02AB007,
02AB008,-0.1562826116362117
02AB009,
02AB010,
02AB011,
02AB012,
02AB013,
02AB014,-0.10936882265506243
02AB015,
02AB016,
02AB017,-0.2190297977655813
02AB019,0.09879838406085295
02AB020,-0.016162536527834392
02AB021,-0.22419275042719544
02AB022,0.12475369724893015
02AB023,-0.09490786403227158
02AB024,0.0868617784117296
02AB025,-41.80545117214796
02AC001,-0.3358598832167039
02AC002,-0.6835078177897889
02AD010,-0.3854620882848607
02AD011,
02AE001,-0.38190726389261176
02BA002,
02BA003,-0.5323092073362876
02BA005,-1.3963875097161806
02BA006,-0.6463267993456374
02BB002,
02BB003,-0.4964316145249039
02BB004,-0.6003317968718793
02BC002,
02BC003,
02BC004,-1.1256778676227706
02BC005,
02BC006,-0.40139982688296794
02BC008,-0.9591217387107183
02BD001,
02BD002,-1.4785165438668622
02BD003,
02BD006,0.0340161461425289
02BD007,-2.4512174333210464
02BE001,
02BE002,-2.042515043577736
02BF001,-0.46217507111022504
02BF002,-0.47088924289157075
02BF003,
02BF004,-0.01614532174036243
02BF005,-0.7747971196914019
02BF006,-1.8023703383982537
02BF007,-4.908128901042216
02BF014,-0.5564865999993671
02CA002,-0.2198863899497372
02CA007,-0.4577817293879012
02CB001,
02CB002,
02CB003,-0.580422513970823
02CC002,
02CC003,
02CC004,
02CC005,-0.7341527622895123
02CC006,
02CC007,
02CC008,-3.247178992979986
02CC009,
02CC010,-0.6405745517152475
02CD001,-1.0625771010989213
02CD002,
02CD003,
02CD004,
02CD005,
02CD006,-0.8060884250242335
02CE001,
02CE002,-0.8744147555918629
02CE003,
02CE004,
02CE007,0.09544696652006923
02CE103,
02CF001,
02CF002,
02CF004,
02CF005,-0.24960878008162246
02CF007,-0.39599531228671325
02CF008,-0.37997339509148653
02CF009,
02CF010,-0.7660083654370602
02CF011,-0.7035863153869344
02CF012,-1.129631343253613
02CF013,0.1395296052291538
02CF014,-0.6322898126737826
02CF100,
02CG001,
02CG003,0.013426314280666318
02CG004,-0.03178774232196435
02DA001,
02DB001,
02DB002,
02DB003,
02DB004,
02DB005,-2.4891502679476187
02DB006,
02DB007,-0.23796918037733428
02DB008,-1.747282892618764
02DC001,
02DC002,
02DC003,
02DC004,-1.0371965097531568
02DC005,
02DC006,
02DC007,
02DC008,
02DC009,
02DC011,
02DC012,-0.651368891129803
02DC013,-0.4244421024611975
02DD001,
02DD002,
02DD004,
02DD005,
02DD007,
02DD008,
02DD009,
02DD010,-2.7357492271617665
02DD012,-0.3147151127397896
02DD013,-0.0230636676512479
02DD014,0.09356047922210897
02DD015,-0.3368865353936352
02DD016,-2.9668828393200073
02DD017,-1.0702924142775894
02DD019,
02DD020,-1.4347537612623844
02DD024,-0.8051594106610198
02DD026,-2.6959932859061744
02DD029,-2.9998068116306746
02DD030,-1.0520260951350582
02DD031,-1.7190871907868472
02EA001,
02EA005,-0.7428036226978951
02EA006,
02EA007,
02EA008,
02EA009,
02EA010,-0.41310272704331163
02EA011,-1.1977712332893535
02EA012,
02EA018,-0.9129692666612834
02EA021,-0.25908982255312485
02EB002,
02EB003,
02EB004,-1.2023377215041369
02EB005,
02EB006,-2.0192205111108357
02EB007,
02EB008,-1.757684640113741
02EB009,
02EB010,
02EB011,-0.3876930597906205
02EB012,-4.8038521072061116
02EB013,-0.6579484701995002
02EB014,-0.977452388681127
02EB103,
02EB104,
02EB105,
02EC001,
02EC002,-0.9328149347298671
02EC003,-2.0162332175664828
02EC004,
02EC006,
02EC007,
02EC008,-0.6449341401738597
02EC009,-0.38503261955339396
02EC010,0.04359639397020698
02EC011,-0.6287447660755432
02EC012,
02EC014,
02EC018,-1.267700051300615
02EC019,-0.6929733940288751
02EC020,0.12006139199054155
02EC021,0.13532806575860767
02EC022,-1.0256174149810207
02EC101,
02EC103,
02EC918,
02ED001,
02ED003,-0.8070160169706302
02ED004,
02ED005,
02ED007,-1.565841202722308
02ED009,
02ED010,
02ED011,
02ED013,-0.43749680203987107
02ED014,-1.3136556079119162
02ED015,-0.7307464982234515
02ED016,
02ED017,0.050491661155061096
02ED018,
02ED019,
02ED024,-0.7145964337644841
02ED025,
02ED026,-0.6523229449332566
02ED027,-1.590254960630559
02ED028,
02ED029,-0.6435709127241445
02ED030,-18.345396301147577
02ED031,-0.16022080601604727
02ED032,-1.5389314820646862
02ED100,-0.0016067345861734417
02ED101,-0.9531682513323723
02ED102,-0.5867736245366777
02FA001,-0.9702964530125269
02FA002,-0.09908764164190154
02FA004,-0.4212333793624865
02FB001,
02FB003,
02FB004,
02FB005,
02FB006,
02FB007,-0.8583614423792314
02FB008,
02FB009,-1.2532216952728885
02FB010,-0.6196261819707138
02FB012,-0.47839764127152873
02FB013,-2.3493781274577437
02FB014,-0.20477118278072948
02FC001,-0.885065606786857
02FC002,-0.9001484571928866
02FC004,
02FC005,
02FC009,
02FC011,-0.3899471702876094
02FC012,-0.4156338101654542
02FC013,
02FC014,
02FC015,-0.7670413818447914
02FC016,-0.50667407270459
02FC017,0.07287397781879024
02FC018,
02FC019,
02FC020,-0.4857749447576061
02FC021,-1.1641806656378617
02FD001,-0.15959521073832406
02FD002,-0.13974752949498837
02FD003,-0.14855813788844507
02FE001,
02FE002,-0.41202196064528396
02FE003,-0.06535517268131263
02FE004,
02FE005,-0.3165504132695627
02FE007,-0.3832730436152765
02FE008,-0.31106804973890956
02FE009,-0.3224450503935674
02FE010,-0.2532640542342186
02FE011,-0.1606961674308156
02FE013,-0.2672073600219089
02FE014,-0.10540308501750206
02FE015,-0.45046030690992533
02FE016,-0.15694246855721317
02FE017,-0.24666408363752335
02FE018,-0.0936131575920145
02FF001,
02FF002,-0.34226139165563096
02FF003,
02FF004,0.07126521100756467
02FF005,
02FF006,
02FF007,-0.27009233485806083
02FF008,-0.11002019710645339
02FF009,-0.16154803720689803
02FF011,-0.12089820335141432
02FF012,
02FF013,-0.18809807779102994
02FF014,-0.16168372001017217
02FF015,-0.5578952401823005
02FF016,-0.14366328039955212
02GA001,
02GA002,
02GA003,-0.6739397689087008
02GA004,
02GA005,-0.17784440344575203
02GA006,-0.416909226228219
02GA007,
02GA008,
02GA009,
02GA010,-0.45517509269696244
02GA011,
02GA012,
02GA013,
02GA014,-0.250740361555418
02GA015,-0.8380078091357401
02GA016,-0.40401771800891084
02GA017,
02GA018,-0.21140902074727164
02GA020,
02GA022,
02GA023,-0.18375743432233604
02GA024,0.04327685669329939
02GA027,
02GA028,-0.33713905994051974
02GA029,-0.7503582468322265
02GA030,-0.16434440867615718
02GA031,0.1519914258221361
02GA033,
02GA034,-0.44238931034811535
02GA035,
02GA036,
02GA037,
02GA038,-0.16893511053784804
02GA039,-0.1748159472055113
02GA040,-0.3722194630881943
02GA041,-0.03260135881435722
02GA042,-0.09560371773911736
02GA043,-5.945300715932857
02GA045,-598.3420195810064
02GA047,-1.0976771022097407
02GA048,-0.45849150011078743
02GA049,-0.06910324484797536
02GA050,0.0860159823774902
02GB001,-0.8188432323298473
02GB002,
02GB003,
02GB004,
02GB005,
02GB006,-0.3856911872468878
02GB007,-0.46156649156518736
02GB008,-0.6015553974257606
02GB009,
02GB011,
02GC001,
02GC002,-0.1595861438362527
02GC004,
02GC005,
02GC006,-1.3255392251872737
02GC007,-1.9468698853282826
02GC008,-1.9507499058096842
02GC009,
02GC010,-0.4172304469422754
02GC011,-0.31535019897363537
02GC012,
02GC013,
02GC014,
02GC015,
02GC016,
02GC017,-0.19107913872989712
02GC018,-0.17085961933472427
02GC021,-3.137900228619662
02GC022,-0.5064456633379804
02GC023,
02GC024,
02GC025,
02GC026,-0.6592667610693865
02GC029,-0.1142802259418021
02GC030,-0.13296990987513224
02GC031,-0.057827040734156565
02GC033,
02GC034,
02GC035,
02GC036,0.05690710589331982
02GC037,-1.3350286170961372
02GC038,0.026377343931792918
02GD001,-0.5754768488643776
02GD003,-0.3806821896183603
02GD004,-0.31173331804720994
02GD005,-0.2645558426938368
02GD006,
02GD007,
02GD008,-0.23937588052608527
02GD009,-0.9455544709655774
02GD010,-0.18101973253505754
02GD011,-0.21695298865332857
02GD012,
02GD013,
02GD014,-0.18515448158332437
02GD015,-0.26200616135150945
02GD016,-0.6813648682157438
02GD018,-0.22027934109744196
02GD019,0.06801648489009948
02GD020,
02GD021,-0.15171396300606022
02GD022,-0.09598485175855043
02GD023,
02GD025,
02GD026,-0.004304300088612267
02GD027,-0.25006262261101786
02GD028,0.08756005981612536
02GE001,
02GE002,-0.5319454273727482
02GE003,-0.6253517571504361
02GE005,-0.23996423334296058
02GE006,-0.6185282580544011
02GE007,-0.1322849604536096
02GE008,-0.09503533461020885
02GE009,0.05300282061702788
02GG002,-0.3210589448699659
02GG003,-0.39783486103919397
02GG004,
02GG005,-0.28595878390505236
02GG006,-0.1763345723810752
02GG007,
02GG009,-0.2564184423504494
02GG013,-0.14692394402125308
02GH001,
02GH002,-0.05091489681663197
02GH003,-0.14497196382454502
02GH004,
02GH011,-0.06306789480986663
02GH016,-0.0773542630022015
02HA006,-0.2170184888488469
02HA007,-0.1779185080842567
02HA014,0.03929888945911808
02HA020,-0.13822438241441515
02HA022,
02HA023,
02HA024,
02HA026,
02HA027,
02HA028,
02HA029,
02HA030,-1.7323405306224293
02HA031,0.054548055864047096
02HA032,0.02971530591106175
02HB001,-1.4761083670995006
02HB002,
02HB004,-0.1996074213934822
02HB005,-0.42997754815871403
02HB006,
02HB007,-0.6187057527116457
02HB008,-0.5393819240658528
02HB010,
02HB011,-0.9811887430701374
02HB012,-0.016324644262529553
02HB013,-0.03977929832565552
02HB015,0.1294417379142606
02HB016,
02HB018,-1.606059759345642
02HB019,
02HB020,-0.044018875302196614
02HB021,-57.355676424777876
02HB022,-0.5876293291404946
02HB023,-0.428207914439626
02HB024,-2.3499514119424565
02HB025,-1.226371564553919
02HB026,
02HB027,-0.06015018104409564
02HB028,-0.16782831892693584
02HB029,-1.0661210244399464
02HB030,-0.15307106735325893
02HB031,-101.85425862776948
02HB032,0.04331543414116901
02HB033,0.08937992941201045
02HB034,-0.02125450469634771
02HC002,
02HC003,-0.5216283128568884
02HC004,
02HC005,-0.2765882564790665
02HC006,
02HC007,
02HC008,
02HC009,-0.3672411062496803
02HC010,
02HC011,
02HC012,
02HC013,-0.16453993914165177
02HC014,
02HC015,
02HC017,0.016127061242007135
02HC018,-0.1806181496436241
02HC019,-0.31379890807034183
02HC022,-0.4261569778922427
02HC023,0.039072710746017925
02HC024,-0.7542001662391271
02HC025,-1.0606576165732435
02HC026,
02HC027,-0.03243845824349978
02HC028,-0.09476179710056143
02HC029,
02HC030,-0.2776413836239615
02HC031,-0.12448368524087416
02HC032,-0.07913890075310248
02HC033,-0.09989921648237021
02HC034,
02HC035,
02HC036,
02HC037,
02HC038,0.011912062119907696
02HC039,
02HC040,
02HC060,-0.5937272208323572
02HC105,
02HC106,
02HC114,
02HD001,
02HD002,
02HD003,-1.2672593328295383
02HD004,0.06097683452085989
02HD006,-0.49440941363554924
02HD007,
02HD008,-0.44521934564198506
02HD009,-0.2966347022998095
02HD010,-0.2043638632403706
02HD012,-1.1069833096804467
02HD013,
02HD014,
02HD018,-4.177283733192909
02HD019,-0.5318791525931492
02HD020,0.08612128778360628
02HD021,-5.124932458341373
02HD022,0.057969826970941774
02HD023,-3.2070820359701795
02HD024,-0.5809982534108418
02HE001,
02HE002,-0.23507485473156908
02HE003,
02HE004,0.09344873570097956
02HF002,-3.4023724399554256
02HF003,-0.9565134290415598
02HF004,
02HF005,-1.512606565870818
02HG001,
02HG002,-0.09357402793608216
02HG003,-0.5075615828951741
02HH001,
02HH002,
02HH003,-3.140909296557127
02HJ001,-0.2626371285491216
02HJ002,
02HJ003,-0.5882591859508373
02HJ005,-14.490876665734861
02HJ006,-0.19142321484497593
02HJ007,0.09642709533372018
02HK002,
02HK003,-0.7710653420154818
02HK004,
02HK005,-0.7568662794001781
02HK006,-0.7637454025059431
02HK007,-0.8771924099839186
02HK008,-0.27155389810865804
02HK009,-0.17505226707863408
02HK010,
02HK011,0.10261706869282539
02HK012,
02HK014,
02HK015,-0.19651560472316087
02HK016,0.05344669928278656
02HK017,-0.21433259660862736
02HK802,
02HK902,
02HL001,-0.771589424296526
02HL003,-0.5705739307928948
02HL004,-0.6813831989638339
02HL005,-0.5551270208875962
02HL006,
02HL007,-0.6556884622927193
02HL008,-0.6115695293145424
02HL101,
02HL102,
02HL103,
02HL104,
02HM001,
02HM002,-0.9017338096235754
02HM003,-0.8182343089207433
02HM004,-0.22143845389977357
02HM005,-0.44743881383287065
02HM006,-0.5164956717899547
02HM007,-0.8714648487374939
02HM009,-8.473465245306485
02HM010,-0.9088046992705066
02HM011,0.0006330889974771603
02MA001,-0.9781487509678886
02MA002,
03115973,-3.108823384536347
04014500,
04015330,-0.16088949024938137
04015500,
04016000,
04016500,
04018750,
04021520,-0.4086004239084182
04024000,-0.7456289158994751
04024098,
04024430,-0.24111662903159292
04025500,-4.416877381398386
04027000,-0.3261323129773763
04027500,-1.1811075598002736
04029990,-0.37410623745012317
04031000,-0.31368418193884495
04031500,
04032000,-0.5822620626491366
04033000,-1.4597208895389624
04034500,
04035500,
04036000,-0.8715642093592
04037500,-1.1031136651018838
04039500,-0.27849836398558825
04040000,-0.5688439782790382
04040500,-0.4446964319104383
04041500,-0.8023254739620205
04043050,-0.15611556064762877
04043140,-3.4240214833369906
04043150,-0.36492970790912027
04043238,-28.766484952992908
04043244,0.038869271213780476
04043275,-0.1548135233345882
04044400,
04044724,-1.7196073525590752
04045500,-1.1363014680517467
04046000,-0.1826945329941172
04056500,-1.5961984747295892
04057000,
04057510,-1.1868681684327984
04057800,-0.3192760636826404
04058100,-0.9252964517024653
04058200,0.034183937997439684
04058500,
04059000,-0.9101562397904783
04059500,-0.6056492622663072
04060500,-1.7941316637193094
04060993,-2.223208325420099
04061000,
04061500,
04062000,-0.5500608803519569
04062011,-1.2432434036344158
04062200,
04062500,-2.321911993062557
04063000,-2.5430433690899443
04063500,-2.367000980902084
04063700,-0.898855373271727
04064500,-1.449708711331636
04065106,-2.276249880542936
04065300,
04065500,
04065722,-2.192076683956879
04066003,-1.9922256114731445
04066030,-2.087375656994005
04066500,-2.1752367103902577
04066800,-2.160062918227061
04067000,
04067500,-2.05041712429961
04067958,-1.7999417176159165
04069416,-2.074954433183897
04069500,-1.8756545540581437
04071000,-2.366403703074805
04071765,-1.5756528318691694
04071858,
04072150,-0.4885403870254168
04072845,
04073462,-9.224871042592497
04073473,-0.7438677453622744
04073500,-3.5315200611741897
04073970,
04074538,
04074548,
04074950,-2.951948251048564
04077400,
04077630,-3.6007374077107253
04078500,-1.164665899857955
04079000,-2.2058929819545425
04080000,-1.753938595179001
04081000,-7.605139536336283
04082400,-2.6268834115672264
04084500,-2.817800997360319
04085119,
040851325,0.0890404947788177
04085200,-0.2585675031922188
04085281,
04085427,-0.66531336779036
04086000,-0.7942423341177258
04086500,-0.6545649488520775
04086600,-1.0418466659901506
04087000,-1.0551996873097997
04087030,-0.19066296989589904
04087050,-0.7664625736423687
04087070,0.06802597593394077
04087088,0.06907929374044808
04087119,-0.13945397453780917
04087120,-0.4073769987962468
040871488,-0.005648290120644939
04087159,0.032799821064740664
04087204,2.0965015225637984e-05
04087214,0.0913757542314122
04087220,-0.14825574342533376
04087240,-0.3082629619755546
04087257,-0.08454597219725346
04093000,-0.4873412604257821
04094000,-0.5854336376932354
04094500,
04095300,-0.779066973217166
04095380,-0.8133312731670583
04096015,-0.5633927252999249
04096100,
04096400,
04096405,-1.7545713633731959
04096515,-0.5015719882404526
04096600,
04096900,
04097500,-2.4758530572418995
04097540,-2.2838030285306887
04099000,-3.0383608153898134
04099510,-1.049214212068696
04099750,-1.7394777103692993
04099808,
04099850,
04100222,-1.4246765838193198
04100252,
04100295,
04100500,-1.7083839563349845
04101000,-3.260938997714802
04101370,-0.2605031786679082
04101500,-3.465475804578279
04101800,-5.059917697934178
04102500,-3.4180596972313033
04102700,-0.9296764872858032
04102776,-10.336084654341315
04103010,
04103500,-4.430598175282819
04104945,-0.5498551189367071
04105000,-1.1198973515273205
04105500,-2.4717092469338198
04105700,-2.886374347030556
04106000,-3.857455750195725
04106180,
04106300,
04106320,0.028516815704079823
04106400,0.11310477331210089
04106500,-9.920843207669087
04108500,
04108600,-0.6343475621273851
04108670,
04108800,-0.20721144911327394
04108801,
04109000,-1.9588443214250533
04111000,-1.81095962434495
04111379,-0.7558206134763954
04111500,
04112000,-0.3718986627470029
04112500,-0.6979771712472005
04113000,-1.3592607547603182
04114000,-1.3098892930940949
04114498,-1.2077292757778966
04114500,
04115000,-0.5231232188693016
04115265,-0.8864342437774133
04116000,-1.1733038678807808
04116500,
04117000,-3.2144612411462123
04117500,-0.9778164134727814
04118000,
04118500,-2.0400313969787143
04119000,-1.8301086169303606
04121300,-3.190455693573414
04121500,-2.0583426995774454
04121900,
04121944,-2.4198230712049065
04121970,-3.1910546532923663
04122000,
04122100,0.09996696633960733
04122200,-3.8026397707293187
04122500,-5.5284701691226985
04123500,-70.07240796865362
04124000,-15.990646760718985
04124200,-17.881327633659158
04124500,-0.5241904073838957
04125460,-5.8690527730775885
04125500,
04125550,-17.492432478940366
04126000,
04126740,-30.25227214214402
04126970,-8.655089825845785
04127000,
04127800,-20.53015492693494
04127918,
04127997,-10.65927221346258
04128000,
04128990,-4.455029887380396
04129000,
04129500,
04130000,
04130500,
04133500,
04133501,-2.088707230863274
04134000,
04135500,
04135600,
04135700,-3.6473338491168725
04136000,-9.141126724660806
04136500,-9.360177742619591
04136900,-11.312615300866913
04137005,-11.479623608816812
04137500,-8.881453793716751
04138500,
04140500,
04142000,-1.1828848619832324
04143500,
04143900,
04144000,
04145000,-1.0831215511506578
04146000,-0.4543937322888749
04146063,-1.0772555954720024
04147500,-0.8178784605208169
04148140,-0.6479089799409421
04148500,-0.8437739977025669
04149000,-11.848902207760936
04150000,
04150500,-0.08869767642923354
04150800,
04151500,-0.42483071041655074
04152238,-0.8425540701111902
04152500,-1.1598405731943213
04153500,-0.25500152135459286
04154000,-1.83410496053197
04155000,
04155500,-0.985034039819078
04156000,-0.7040439870245785
04158500,
04159492,-0.21914417052778923
04159500,
04159900,-0.27127620874221314
04160600,-0.3286441646404945
04160800,
04160900,
04161000,-2.7421506237470856
04161100,
04161500,
04161540,-1.2758367241236312
04161580,0.13512058047469322
04161800,-1.4514085970170294
04161820,-2.116619005510236
04162900,
04163400,0.0951490366298211
04164000,-1.188027048886243
04164100,0.13585927296338562
04164300,0.03241797750888131
04164500,-0.34371737887655307
04165500,-0.8992368461477247
04166000,-0.1551822526015727
04166100,-0.5408677192234557
04166300,0.08536531455555751
04166500,-0.5157207240929753
04167000,-0.6688955606016402
04168000,-0.6942004260571426
04168580,-0.14735997244135968
04170000,-3.7053226210499988
04170500,-6.065522327566564
04172000,-3.2317773761296644
04173500,-0.8769075966027509
04174500,-2.0861747415903835
04174518,-0.09742875457285138
04175600,-1.6725608173599498
04176000,-0.9742468568552904
04176500,-0.636313182029911
04176605,
04177000,-0.2988577033450912
04177720,-0.10705583315605338
04178000,-0.5636326169247836
04179000,
04179520,-0.37775302679991296
04180000,-0.42820307762494303
04180500,-0.6344780936796015
04180988,-0.27889347880382176
04181500,-0.3329756593331723
04182000,-0.3451223653486575
04182950,-0.5474373562244055
04183000,-0.5429272540639811
04183500,-0.7614770575058474
04184500,-0.3972071526078029
04185000,-0.4799078877437002
04185440,-1.8497128479270408
04186500,-0.19481627317734485
04187500,
04188337,-0.14273782621340247
04188400,-0.16736220191895024
04188433,0.06578352697793022
04188496,-0.0791048218449022
04189000,-0.21267922357914748
04192500,-0.4438016443570887
04193500,-0.4525009629155874
04195500,-0.1999073485570646
04195820,-0.22903611710201965
04196000,-0.15042102794284395
04196500,-0.21831502007092052
04196800,-0.19127421460729033
04197000,
04197100,-0.23644132111907235
04197170,-0.0255970211287484
04198000,-0.2971530953461192
04199000,-0.19213580302633693
04199155,0.04583309143720393
04199500,-0.2025197683160147
04200500,-0.21069958896587915
04201500,-0.22775926175345385
04202000,-1.1640347129425952
04206000,-1.1959586037361807
04206043,-0.09051059435673525
04206212,-0.9136148296077937
04206220,-0.15389137315916246
04207200,-0.6211648558144298
04208000,-1.0465853948046973
04208460,0.022248815273042344
04208504,-1.1835766586527594
04209000,-0.4708706192917811
04212100,-0.6040743156654098
04212500,
04213000,-0.39594749077964053
04213040,
04213075,-2.322000993964556
04213500,-0.6273432243024746
04214500,-0.4015503258960149
04215000,-0.2817552617715424
04215500,-0.40708493514301836
04216200,
04216418,-0.3870599347366377
04216500,
04217000,-0.48515365925254916
04217500,
04218000,-0.6775240657776853
04218518,-0.6252190237848485
04220250,
0422026250,-0.07155022405429756
04221000,-0.6021660405310496
04223000,-0.6238392081541286
04224775,-0.4447708451494512
04227000,-0.7001428277387176
04227500,-1.1329802056341296
04227995,-0.3486438027365515
04228500,-1.201194007821869
04229500,-0.4556603657883229
04230380,-0.2376956054671706
04230500,-0.7117822652157899
04231000,-0.47008979927350913
04231600,-1.2749166309279483
04232000,
04232034,-0.681519179793622
04232050,-0.0771358484980762
0423205010,-0.9465194927978209
04232100,-0.1185450943608295
04232482,-0.6071657206284222
04233000,
04233286,-0.13800103993921975
04233300,-0.27633265228836823
04234000,-0.6299052950281336
0423401815,-0.3601137981301368
04235250,-0.36153552553771107
04235500,
04237500,-2.353411494045072
04237962,-0.5157339859794823
04239000,-0.9728573361687718
04240010,-1.3200457010878863
04240100,-1.058798356738778
04240120,-0.20599412100807046
04240180,-0.8096710599032197
04240200,
04240300,-1.466620013789262
04240503,
04242500,-0.6900358015758778
04243500,-0.6521713867369445
04245000,
04245200,
04246500,
04247000,-2.1364020579500305
04249000,-2.2471385206054615
04250200,-1.422624196079758
04250750,-0.48633253531527276
04252500,-1.0482282442887962
04256000,-0.804031971029181
04257000,
04258000,-3.7936662929765816
04260500,-1.6878060974550206
04263000,-1.2478580070735017
05535070,0.018987093743536465
