,basin_id,NSE,KGE,Performance
0,02AA001,,,N/A
1,02AA002,,,N/A
2,02AB001,,,N/A
3,02AB002,,,N/A
4,02AB004,,,N/A
5,02AB005,,,N/A
6,02AB006,-10445.442965408452,-99.44709689130083,Negative
7,02AB007,,,N/A
8,02AB008,0.5282614909327707,0.6557483093178915,Good
9,02AB009,,,N/A
10,02AB010,,,N/A
11,02AB011,,,N/A
12,02AB012,,,N/A
13,02AB013,,,N/A
14,02AB014,0.4343818195505863,0.2365412410871679,Good
15,02AB015,,,N/A
16,02AB016,,,N/A
17,02AB017,0.059817859225628434,0.5582785134757888,Unsatisfactory
18,02AB019,0.6125445463638404,0.5709978351794247,Good
19,02AB020,0.5807411748263895,0.49359072549255767,Good
20,02AB021,0.3833078398170735,0.3767469215609923,Good
21,02AB022,0.589778788410088,0.6396085794058026,Good
22,02AB023,0.4210868539444964,0.191526939672353,Good
23,02AB024,0.5870253289934482,0.5472435674660437,Good
24,02AB025,-11684.003597169258,-104.36483451297266,Negative
25,02AC001,-2.959054158146099,-0.4048221580306113,Negative
26,02AC002,-7080.035995940927,-84.03263146597594,Negative
27,02AD010,-3.014008128755444,-0.3093383411285322,Negative
28,02AD011,,,N/A
29,02AE001,0.4175317865415301,0.377086474786838,Good
30,02BA002,,,N/A
31,02BA003,0.3989354386227032,0.5384188909262521,Good
32,02BA005,0.5992347065201831,0.6003101405194371,Good
33,02BA006,0.25391474531515534,0.44507293734247877,Unsatisfactory
34,02BB002,,,N/A
35,02BB003,-2312.7517424952857,-47.721859643513824,Negative
36,02BB004,-5.316744325993463,-0.759328559313726,Negative
37,02BC002,,,N/A
38,02BC003,,,N/A
39,02BC004,-4855.651942631071,-67.93804361046428,Negative
40,02BC005,,,N/A
41,02BC006,-0.019161696500270553,-0.1469798533129849,Negative
42,02BC008,-8684.07334699623,-91.71246548027078,Negative
43,02BD001,,,N/A
44,02BD002,-2322.8268901177553,-45.74031536592826,Negative
45,02BD003,,,N/A
46,02BD006,0.09410778970354217,0.11533417114298639,Unsatisfactory
47,02BD007,-81.12928175585844,-7.066772162844476,Negative
48,02BE001,,,N/A
49,02BE002,-6.578496996387877,-0.8894013625971926,Negative
50,02BF001,-1.6405178083203875,0.04986404389452037,Negative
51,02BF002,-0.05892832726760444,0.08880704185972277,Negative
52,02BF003,,,N/A
53,02BF004,0.5793132113978978,0.42717788729453243,Good
54,02BF005,0.7895205043528077,0.8043421460685237,Excellent
55,02BF006,0.7863950776625658,0.8667375226004133,Excellent
56,02BF007,0.7531577827618903,0.8167467855766742,Excellent
57,02BF014,-462.18129195853606,-19.656885038300015,Negative
58,02CA002,0.6905136458226591,0.8160228277392629,Good
59,02CA007,0.07989345634244982,0.07047284434757417,Unsatisfactory
60,02CB001,,,N/A
61,02CB002,,,N/A
62,02CB003,-2.452686017034163,-0.1961239531459713,Negative
63,02CC002,,,N/A
64,02CC003,,,N/A
65,02CC004,,,N/A
66,02CC005,-134.57188050026244,-10.15646048029589,Negative
67,02CC006,,,N/A
68,02CC007,,,N/A
69,02CC008,-22954.184012867205,-142.92176734952528,Negative
70,02CC009,,,N/A
71,02CC010,0.21572103950283772,0.4776933807396573,Unsatisfactory
72,02CD001,-55.254662781810794,-5.96433220331729,Negative
73,02CD002,,,N/A
74,02CD003,,,N/A
75,02CD004,,,N/A
76,02CD005,,,N/A
77,02CD006,0.5210056345359484,0.7217418890065894,Good
78,02CE001,,,N/A
79,02CE002,0.09133575150594941,0.5660182496141696,Unsatisfactory
80,02CE003,,,N/A
81,02CE004,,,N/A
82,02CE007,0.6009402359403003,0.49551998522346685,Good
83,02CE103,,,N/A
84,02CF001,,,N/A
85,02CF002,,,N/A
86,02CF004,,,N/A
87,02CF005,0.5330082523747208,0.4051892172188982,Good
88,02CF007,0.5806686505558594,0.44052473289546723,Good
89,02CF008,0.533634191296035,0.3302675795045038,Good
90,02CF009,,,N/A
91,02CF010,-11.516130386325147,-2.1622911658143003,Negative
92,02CF011,0.21343609109845707,0.12983438891316557,Unsatisfactory
93,02CF012,0.5054557512153329,0.4271453064874162,Good
94,02CF013,0.6248742029408207,0.698356615646767,Good
95,02CF014,0.10975502595712405,0.031190053579632893,Unsatisfactory
96,02CF100,,,N/A
97,02CG001,,,N/A
98,02CG003,0.5038327736915789,0.42222517807841375,Good
99,02CG004,-0.653610591426796,0.17420306229609572,Negative
100,02DA001,,,N/A
101,02DB001,,,N/A
102,02DB002,,,N/A
103,02DB003,,,N/A
104,02DB004,,,N/A
105,02DB005,-3421.840996296678,-55.91188750715934,Negative
106,02DB006,,,N/A
107,02DB007,0.6951679934209838,0.5930732313096383,Good
108,02DB008,-9974.575139165707,-97.21569640273124,Negative
109,02DC001,,,N/A
110,02DC002,,,N/A
111,02DC003,,,N/A
112,02DC004,-706.3477080212674,-25.04890075438935,Negative
113,02DC005,,,N/A
114,02DC006,,,N/A
115,02DC007,,,N/A
116,02DC008,,,N/A
117,02DC009,,,N/A
118,02DC011,,,N/A
119,02DC012,-1.0408896573152608,0.008469822585836062,Negative
120,02DC013,0.2507939078845077,0.21636097587899406,Unsatisfactory
121,02DD001,,,N/A
122,02DD002,,,N/A
123,02DD004,,,N/A
124,02DD005,,,N/A
125,02DD007,,,N/A
126,02DD008,,,N/A
127,02DD009,,,N/A
128,02DD010,-11162.458269425468,-81.91985980596691,Negative
129,02DD012,-7.3596436293332825,-1.983045064179604,Negative
130,02DD013,0.6418935127258563,0.6760726589238724,Good
131,02DD014,0.6442490706319492,0.5448647028637301,Good
132,02DD015,0.6451319365713046,0.6971925642807595,Good
133,02DD016,-42715.33283199872,-182.25406238251557,Negative
134,02DD017,-69488.73421278533,-258.86286461781066,Negative
135,02DD019,,,N/A
136,02DD020,0.10615437220275414,0.10413871376381656,Unsatisfactory
137,02DD024,0.46653052290830566,0.545438459079305,Good
138,02DD026,-3.5308024978715515,-0.4540299088314701,Negative
139,02DD029,-21432.420701016978,-117.39787712054338,Negative
140,02DD030,-3779002.095835505,-1907.3521551790857,Negative
141,02DD031,-632493.5967191365,-694.2637119293538,Negative
142,02EA001,,,N/A
143,02EA005,0.3239392619001291,0.5647101868495114,Unsatisfactory
144,02EA006,,,N/A
145,02EA007,,,N/A
146,02EA008,,,N/A
147,02EA009,,,N/A
148,02EA010,0.38917626721217635,0.23170060939728276,Good
149,02EA011,-122.13044540469114,-9.46596249868951,Negative
150,02EA012,,,N/A
151,02EA018,0.17848665701607624,0.530657490436794,Unsatisfactory
152,02EA021,0.5023633214210299,0.7138324179213993,Good
153,02EB002,,,N/A
154,02EB003,,,N/A
155,02EB004,-12.03712367172255,-2.0961173832520386,Negative
156,02EB005,,,N/A
157,02EB006,-4453.724664394237,-61.948643049442765,Negative
158,02EB007,,,N/A
159,02EB008,-24.68240136968789,-3.3050879624754215,Negative
160,02EB009,,,N/A
161,02EB010,,,N/A
162,02EB011,-9000.21772674062,-108.38144630641416,Negative
163,02EB012,0.37325709578785293,0.7061577715352473,Good
164,02EB013,0.5575481755026845,0.5232558577089739,Good
165,02EB014,0.0966244644366252,0.08109173120795388,Unsatisfactory
166,02EB103,,,N/A
167,02EB104,,,N/A
168,02EB105,,,N/A
169,02EC001,,,N/A
170,02EC002,-2.611481810001303,-0.5067781835161245,Negative
171,02EC003,-5503.014481018352,-69.52019379055068,Negative
172,02EC004,,,N/A
173,02EC006,,,N/A
174,02EC007,,,N/A
175,02EC008,0.23893983068702596,0.14400327280547187,Unsatisfactory
176,02EC009,0.35116810150988853,0.19378981179953103,Unsatisfactory
177,02EC010,0.5757684978536519,0.515899817698064,Good
178,02EC011,0.4329190886444033,0.2721005701383298,Good
179,02EC012,,,N/A
180,02EC014,,,N/A
181,02EC018,-0.4281010574883599,0.317149159777101,Negative
182,02EC019,-7.113836586392058,-1.3976488950601937,Negative
183,02EC020,0.7745001064753725,0.769741285961531,Excellent
184,02EC021,0.18972882024332216,0.5242289243629307,Unsatisfactory
185,02EC022,-0.2554751558775805,-0.14729272084693124,Negative
186,02EC101,,,N/A
187,02EC103,,,N/A
188,02EC918,,,N/A
189,02ED001,,,N/A
190,02ED003,-1.7841954390918167,-0.3574367867757682,Negative
191,02ED004,,,N/A
192,02ED005,,,N/A
193,02ED007,0.5806546323404429,0.6466702876220027,Good
194,02ED009,,,N/A
195,02ED010,,,N/A
196,02ED011,,,N/A
197,02ED013,0.5984501487276522,0.5473202237377273,Good
198,02ED014,0.5224447551346907,0.5295503786474818,Good
199,02ED015,0.6338212951039324,0.6984050574595084,Good
200,02ED016,,,N/A
201,02ED017,0.5577485388033427,0.4855441200697236,Good
202,02ED018,,,N/A
203,02ED019,,,N/A
204,02ED024,0.6468327735398165,0.727858419212575,Good
205,02ED025,,,N/A
206,02ED026,0.6635500251451478,0.6442238199917076,Good
207,02ED027,-1.384955909063219,-0.0040251329648943734,Negative
208,02ED028,,,N/A
209,02ED029,0.3745620053039368,0.395119327790732,Good
210,02ED030,0.0844633134641426,0.5374867333430562,Unsatisfactory
211,02ED031,0.48444053957391675,0.4077595026792873,Good
212,02ED032,0.5769028339797033,0.6379693320076614,Good
213,02ED100,0.3181510287284286,0.23183684056117537,Unsatisfactory
214,02ED101,0.620212093928355,0.7228442615835045,Good
215,02ED102,0.32498529770135787,0.23331472654141516,Unsatisfactory
216,02FA001,-0.17464399546128528,0.4478358997903529,Negative
217,02FA002,0.6364143841474166,0.7856397667476647,Good
218,02FA004,0.12767086209447187,-0.003081359987630039,Unsatisfactory
219,02FB001,,,N/A
220,02FB003,,,N/A
221,02FB004,,,N/A
222,02FB005,,,N/A
223,02FB006,,,N/A
224,02FB007,0.32542844270619564,0.22550262671153054,Unsatisfactory
225,02FB008,,,N/A
226,02FB009,-5.392823705561423,-1.051707259243408,Negative
227,02FB010,0.3870462849462255,0.2475946477786165,Good
228,02FB012,0.5081721381328067,0.5016106486424368,Good
229,02FB013,0.22311790575899437,0.5666271390875333,Unsatisfactory
230,02FB014,0.4749329964622119,0.4201139594883646,Good
231,02FC001,-330.6339150722095,-16.416480867329913,Negative
232,02FC002,-2.9317832553938636,-0.3824486305709289,Negative
233,02FC004,,,N/A
234,02FC005,,,N/A
235,02FC009,,,N/A
236,02FC011,0.3282831664127557,0.1476662486731295,Unsatisfactory
237,02FC012,0.5158336502325609,0.35392717223853,Good
238,02FC013,,,N/A
239,02FC014,,,N/A
240,02FC015,-0.0556951340605083,0.46378372776055443,Negative
241,02FC016,0.3608374674229019,0.251023312856958,Good
242,02FC017,-0.24719584068608413,0.0017602645634082759,Negative
243,02FC018,,,N/A
244,02FC019,,,N/A
245,02FC020,0.45688384182912967,0.28088274409586655,Good
246,02FC021,0.6117733259988254,0.5537479555187925,Good
247,02FD001,0.22500998566976638,0.24849614633532324,Unsatisfactory
248,02FD002,0.6610815432567558,0.7022698351933411,Good
249,02FD003,0.48069790200661555,0.3566372772524605,Good
250,02FE001,,,N/A
251,02FE002,-1431.9289764823593,-36.92462921622275,Negative
252,02FE003,0.43062931227818235,0.1812138706973373,Good
253,02FE004,,,N/A
254,02FE005,-18.163196778293738,-3.19170704446773,Negative
255,02FE007,0.6596177828157312,0.7736759345346425,Good
256,02FE008,-2.657324797825111,-0.45177482872871044,Negative
257,02FE009,0.41491774846985563,0.5447894320146129,Good
258,02FE010,0.37258171474650603,0.21084382709740557,Good
259,02FE011,0.5207212151572715,0.3740576262766693,Good
260,02FE013,-1.8179160333321471,-0.1296647511071385,Negative
261,02FE014,0.5085074862260426,0.37907120041094977,Good
262,02FE015,-3588.260422939458,-60.04204137986193,Negative
263,02FE016,0.19001166579080564,-0.035243094806810094,Unsatisfactory
264,02FE017,0.5327412684000404,0.41851773208311505,Good
265,02FE018,0.49408174775824654,0.45081045658549523,Good
266,02FF001,,,N/A
267,02FF002,0.35362399818428325,0.6550171549321964,Unsatisfactory
268,02FF003,,,N/A
269,02FF004,-1.1771933270797952,0.09739764546596352,Negative
270,02FF005,,,N/A
271,02FF006,,,N/A
272,02FF007,0.37613990615196213,0.5651726262670033,Good
273,02FF008,0.2467563048249407,0.4627544386088138,Unsatisfactory
274,02FF009,0.5755673290188941,0.529259975136088,Good
275,02FF011,0.47772128400087277,0.31334345304856603,Good
276,02FF012,,,N/A
277,02FF013,0.46965647480823824,0.4337685310036484,Good
278,02FF014,0.3939988515211498,0.36983383457590646,Good
279,02FF015,0.5326851754904616,0.7220675258805174,Good
280,02FF016,0.30161476360534345,0.17064903849799806,Unsatisfactory
281,02GA001,,,N/A
282,02GA002,,,N/A
283,02GA003,-0.7921574564645666,-0.13681462316435766,Negative
284,02GA004,,,N/A
285,02GA005,0.18406058977184003,-0.003404110906427338,Unsatisfactory
286,02GA006,0.48900828951962005,0.5507796723179275,Good
287,02GA007,,,N/A
288,02GA008,,,N/A
289,02GA009,,,N/A
290,02GA010,-0.7340401856159855,0.12569015605889533,Negative
291,02GA011,,,N/A
292,02GA012,,,N/A
293,02GA013,,,N/A
294,02GA014,0.31165569368244594,0.21168585226265135,Unsatisfactory
295,02GA015,0.44317655045714166,0.6524974615665963,Good
296,02GA016,0.3356458909249048,0.27359079724082425,Unsatisfactory
297,02GA017,,,N/A
298,02GA018,0.6220138304498644,0.5209231841790012,Good
299,02GA020,,,N/A
300,02GA022,,,N/A
301,02GA023,0.3233483415045185,0.20258078780412947,Unsatisfactory
302,02GA024,0.4768345430575359,0.5373377125987095,Good
303,02GA027,,,N/A
304,02GA028,0.02073437358875907,0.5269986752319531,Unsatisfactory
305,02GA029,0.5572678442104347,0.47628104010815864,Good
306,02GA030,0.6451723353272426,0.6034244224632358,Good
307,02GA031,0.7593655420908315,0.6787611233663573,Excellent
308,02GA033,,,N/A
309,02GA034,0.19560407804944135,0.3878478841862729,Unsatisfactory
310,02GA035,,,N/A
311,02GA036,,,N/A
312,02GA037,,,N/A
313,02GA038,0.3625278732496542,0.11339042295270363,Good
314,02GA039,0.2188081487318757,0.02700678455382921,Unsatisfactory
315,02GA040,0.7177549603423237,0.6591941823426231,Good
316,02GA041,0.2993433722608293,0.3554851313553018,Unsatisfactory
317,02GA042,0.0022540942237081474,-0.16695185676326862,Unsatisfactory
318,02GA043,-0.43641246401468825,0.03245017166579278,Negative
319,02GA045,-76.85583775554035,-4.126134512018628,Negative
320,02GA047,0.25011706127838196,0.2565823457918268,Unsatisfactory
321,02GA048,-0.1065980340379522,-0.2004185130112961,Negative
322,02GA049,0.14933510706862974,0.03317655482854631,Unsatisfactory
323,02GA050,-0.061642391167703314,-0.21374626019302578,Negative
324,02GB001,-122.99130289455947,-9.172083061386244,Negative
325,02GB002,,,N/A
326,02GB003,,,N/A
327,02GB004,,,N/A
328,02GB005,,,N/A
329,02GB006,0.4440376488046711,0.3168991454980964,Good
330,02GB007,0.4453523070989146,0.30419306860680817,Good
331,02GB008,0.16286420911020094,0.06456076290146806,Unsatisfactory
332,02GB009,,,N/A
333,02GB011,,,N/A
334,02GC001,,,N/A
335,02GC002,0.5595359752553679,0.431014942117547,Good
336,02GC004,,,N/A
337,02GC005,,,N/A
338,02GC006,0.5091721616998253,0.6895147665140071,Good
339,02GC007,0.16627993145424247,0.33037144138278174,Unsatisfactory
340,02GC008,0.5453908773719175,0.5581902359570784,Good
341,02GC009,,,N/A
342,02GC010,0.737100594925157,0.7774823349366013,Good
343,02GC011,0.13141150945654323,0.016458298226420975,Unsatisfactory
344,02GC012,,,N/A
345,02GC013,,,N/A
346,02GC014,,,N/A
347,02GC015,,,N/A
348,02GC016,,,N/A
349,02GC017,0.4441843679209595,0.2798892918988065,Good
350,02GC018,0.4752777630478796,0.6563288071043462,Good
351,02GC021,0.1649007473100993,0.49356447967710093,Unsatisfactory
352,02GC022,0.7049423621774047,0.7051037135187449,Good
353,02GC023,,,N/A
354,02GC024,,,N/A
355,02GC025,,,N/A
356,02GC026,-6.802469449562723,-1.424397562899136,Negative
357,02GC029,0.3962942422526834,0.12963844881575137,Good
358,02GC030,0.3505979780999684,0.17374551504762226,Unsatisfactory
359,02GC031,0.492440570188613,0.26827192943268396,Good
360,02GC033,,,N/A
361,02GC034,,,N/A
362,02GC035,,,N/A
363,02GC036,0.48124738801971567,0.5317611142865553,Good
364,02GC037,-2.748307424039835,-1.9060089141953553,Negative
365,02GC038,-0.33228588877012966,0.20212657772685305,Negative
366,02GD001,0.35278761119775226,0.6749664364865511,Unsatisfactory
367,02GD003,0.33270796808185554,0.17372919665051123,Unsatisfactory
368,02GD004,0.3783254644488251,0.1673784653661724,Good
369,02GD005,0.44082121321826206,0.3447518154124807,Good
370,02GD006,,,N/A
371,02GD007,,,N/A
372,02GD008,0.32515052068498207,0.14133495140106767,Unsatisfactory
373,02GD009,0.15341841251763533,0.27485214251496526,Unsatisfactory
374,02GD010,0.28771393122570643,0.0825229846264498,Unsatisfactory
375,02GD011,0.3812690831347296,0.2023436005808361,Good
376,02GD012,,,N/A
377,02GD013,,,N/A
378,02GD014,0.4658015258615904,0.3116843244941798,Good
379,02GD015,0.4662713759033409,0.3046266903231145,Good
380,02GD016,0.3702009141842235,0.5691494470035079,Good
381,02GD018,0.24625299241057919,0.037878988690686954,Unsatisfactory
382,02GD019,0.3587515460550105,0.5169083868856974,Unsatisfactory
383,02GD020,,,N/A
384,02GD021,0.24134139653945008,0.007068944320694492,Unsatisfactory
385,02GD022,-0.2754992252303534,-0.09592802227980912,Negative
386,02GD023,,,N/A
387,02GD025,,,N/A
388,02GD026,0.24367033006247552,0.07067032992023103,Unsatisfactory
389,02GD027,0.41112810484395357,0.18652532345774675,Good
390,02GD028,0.5482373355641293,0.6342366218284315,Good
391,02GE001,,,N/A
392,02GE002,0.12912132584143088,0.14364491279166547,Unsatisfactory
393,02GE003,-0.23934664706205622,0.12908925592047094,Negative
394,02GE005,0.4905626557967038,0.28168888038421236,Good
395,02GE006,-0.11568635613084521,-0.08755833743543118,Negative
396,02GE007,0.030827487618145133,-0.2539007543082086,Unsatisfactory
397,02GE008,0.39232142636879663,0.22534290268630985,Good
398,02GE009,0.6569474094512291,0.5147189542775554,Good
399,02GG002,0.11270908401135138,-0.062255864045090314,Unsatisfactory
400,02GG003,0.3049237660816393,0.2986094986973171,Unsatisfactory
401,02GG004,,,N/A
402,02GG005,0.18369384974841863,0.052394092130792824,Unsatisfactory
403,02GG006,-0.056928959013264,0.45520829174326516,Negative
404,02GG007,,,N/A
405,02GG009,-1.4916369063521704,0.02333713779582236,Negative
406,02GG013,0.2858447815916215,0.5103586139372103,Unsatisfactory
407,02GH001,,,N/A
408,02GH002,0.5314080443553557,0.454744393735906,Good
409,02GH003,0.49433351904790734,0.3204789101983977,Good
410,02GH004,,,N/A
411,02GH011,-0.25302258157003465,0.19931815262325736,Negative
412,02GH016,0.6173975037776607,0.538087011868321,Good
413,02HA006,-20.022476747111664,-3.000456460962833,Negative
414,02HA007,-5.120295881428508,-0.8526953218459477,Negative
415,02HA014,0.40677360901274384,0.26814003289113153,Good
416,02HA020,-1.6160864511516575,-0.02017440620568456,Negative
417,02HA022,,,N/A
418,02HA023,,,N/A
419,02HA024,,,N/A
420,02HA026,,,N/A
421,02HA027,,,N/A
422,02HA028,,,N/A
423,02HA029,,,N/A
424,02HA030,0.49388975358022125,0.5903725903536519,Good
425,02HA031,0.458623401180402,0.38328441313865824,Good
426,02HA032,0.2597941870243008,0.07096859254243393,Unsatisfactory
427,02HB001,0.6381798683572009,0.8209754883615336,Good
428,02HB002,,,N/A
429,02HB004,0.45280632541152865,0.2579426022553475,Good
430,02HB005,0.5295075794343722,0.42817882124293893,Good
431,02HB006,,,N/A
432,02HB007,0.3161129945165211,0.6121005143352723,Unsatisfactory
433,02HB008,0.5661960075268051,0.44756765958723954,Good
434,02HB010,,,N/A
435,02HB011,0.6717350098439958,0.7399277671385864,Good
436,02HB012,0.7571175770475653,0.7711291201472785,Excellent
437,02HB013,0.48388666102070577,0.4676614568518608,Good
438,02HB015,0.71542528343444,0.746126940323397,Good
439,02HB016,,,N/A
440,02HB018,0.6342211511528626,0.7932897625363583,Good
441,02HB019,,,N/A
442,02HB020,0.5520368019144899,0.547531608200084,Good
443,02HB021,0.5200926786145285,0.6711779684809932,Good
444,02HB022,0.6439961166077717,0.6761324340544153,Good
445,02HB023,0.5357910479587038,0.7139293330635379,Good
446,02HB024,0.46146859891780045,0.6915798275014575,Good
447,02HB025,0.6161849658529943,0.6890075885975621,Good
448,02HB026,,,N/A
449,02HB027,0.5160185747085864,0.6997209419536826,Good
450,02HB028,0.6143690327135269,0.5713617958522434,Good
451,02HB029,0.26766726470250934,0.24604560801157316,Unsatisfactory
452,02HB030,-1.2175756693830024,0.08316435977750225,Negative
453,02HB031,0.04291903705694977,0.5597849083757424,Unsatisfactory
454,02HB032,0.2963223546704751,0.40061827781287274,Unsatisfactory
455,02HB033,0.12173046028341195,0.14781135854426264,Unsatisfactory
456,02HB034,0.5938290530008474,0.40494485676118996,Good
457,02HC002,,,N/A
458,02HC003,0.11328117041154417,0.016808661436256367,Unsatisfactory
459,02HC004,,,N/A
460,02HC005,0.25544116015055685,0.24710457060867796,Unsatisfactory
461,02HC006,,,N/A
462,02HC007,,,N/A
463,02HC008,,,N/A
464,02HC009,0.28177781743257524,0.14612628200881528,Unsatisfactory
465,02HC010,,,N/A
466,02HC011,,,N/A
467,02HC012,,,N/A
468,02HC013,0.3421578548407924,0.20026213902530887,Unsatisfactory
469,02HC014,,,N/A
470,02HC015,,,N/A
471,02HC017,0.48154438589539383,0.4289910708125074,Good
472,02HC018,0.5863242167480069,0.4490570722817768,Good
473,02HC019,0.3641179728397168,0.2985299584192346,Good
474,02HC022,0.3615131980843478,0.2306476881761661,Good
475,02HC023,0.3433339640214722,0.23836945452346736,Unsatisfactory
476,02HC024,0.2398251755674914,0.16331232980236066,Unsatisfactory
477,02HC025,0.3250834367251144,0.2598122452910798,Unsatisfactory
478,02HC026,,,N/A
479,02HC027,0.5204121504715364,0.4293758795366024,Good
480,02HC028,0.6028292600601844,0.48998487036132377,Good
481,02HC029,,,N/A
482,02HC030,-27.415268377022393,-3.631863916353712,Negative
483,02HC031,0.46773333996751276,0.2523758653280824,Good
484,02HC032,0.39451775407871437,0.23884440919883632,Good
485,02HC033,0.22685557860085537,0.25470656338768427,Unsatisfactory
486,02HC034,,,N/A
487,02HC035,,,N/A
488,02HC036,,,N/A
489,02HC037,,,N/A
490,02HC038,0.36204260735248806,0.26476797988303835,Good
491,02HC039,,,N/A
492,02HC040,,,N/A
493,02HC060,-2.9066417777067626,-0.5485019751346221,Negative
494,02HC105,,,N/A
495,02HC106,,,N/A
496,02HC114,,,N/A
497,02HD001,,,N/A
498,02HD002,,,N/A
499,02HD003,0.2757318882764085,0.3852053937034009,Unsatisfactory
500,02HD004,0.12292819780826969,0.20701334777821045,Unsatisfactory
501,02HD006,0.28990397663698475,0.23854689315491973,Unsatisfactory
502,02HD007,,,N/A
503,02HD008,0.6102981074180736,0.5725910665757485,Good
504,02HD009,0.25549116692149465,0.17710428481322127,Unsatisfactory
505,02HD010,0.6043476987200767,0.5773922500352682,Good
506,02HD012,0.46887039913493256,0.4317153084291705,Good
507,02HD013,,,N/A
508,02HD014,,,N/A
509,02HD018,0.5363673905408558,0.4296529912353152,Good
510,02HD019,0.3580003245828087,0.3352739507300726,Unsatisfactory
511,02HD020,0.40197957262606954,0.5092105250054137,Good
512,02HD021,0.24142828008109207,0.6668557267724777,Unsatisfactory
513,02HD022,0.4922197209467768,0.4322353207997618,Good
514,02HD023,0.4837743774659595,0.47234432439165785,Good
515,02HD024,-1.4598284881983328,-0.13590999774255463,Negative
516,02HE001,,,N/A
517,02HE002,0.6916661714199985,0.5715616394507133,Good
518,02HE003,,,N/A
519,02HE004,0.6807361163719475,0.5001874304258358,Good
520,02HF002,-1350.9443268889802,-34.54066784565532,Negative
521,02HF003,-59.48749968031982,-6.372252353221131,Negative
522,02HF004,,,N/A
523,02HF005,-76.06764736626245,-7.278503395233297,Negative
524,02HG001,,,N/A
525,02HG002,0.5677643443647472,0.4997596772327617,Good
526,02HG003,0.5144391095994265,0.43005946932960615,Good
527,02HH001,,,N/A
528,02HH002,,,N/A
529,02HH003,0.6886139771801603,0.7840114223181501,Good
530,02HJ001,0.655976318356547,0.5797337842316621,Good
531,02HJ002,,,N/A
532,02HJ003,0.694464993905554,0.6646408674496064,Good
533,02HJ005,0.43928924901201594,0.41746410303153414,Good
534,02HJ006,0.6698413326260946,0.6168404906652629,Good
535,02HJ007,0.437278406654635,0.620856592368106,Good
536,02HK002,,,N/A
537,02HK003,-1743.4082291869056,-41.13078153903202,Negative
538,02HK004,,,N/A
539,02HK005,0.39845655204999464,0.3447574322697867,Good
540,02HK006,0.6039808834781231,0.6509031819145752,Good
541,02HK007,0.5333366542863598,0.4739273588847537,Good
542,02HK008,0.7545679696602242,0.6872800682678963,Excellent
543,02HK009,0.5290648903596724,0.4921648853283943,Good
544,02HK010,,,N/A
545,02HK011,0.6861218038224813,0.5702634111756151,Good
546,02HK012,,,N/A
547,02HK014,,,N/A
548,02HK015,0.3346179805392169,0.25940156097095457,Unsatisfactory
549,02HK016,0.6032943525443693,0.636032122919505,Good
550,02HK017,0.6374564370580769,0.7176618627777434,Good
551,02HK802,,,N/A
552,02HK902,,,N/A
553,02HL001,-6.994615527285394,-1.5436872104499084,Negative
554,02HL003,0.5671495962017383,0.5391710447726946,Good
555,02HL004,0.2276590028459896,0.5624965364517265,Unsatisfactory
556,02HL005,0.48148156575847334,0.654630853816231,Good
557,02HL006,,,N/A
558,02HL007,-3827.229054073991,-62.127952261567124,Negative
559,02HL008,0.6702881331836144,0.6894042593512228,Good
560,02HL101,,,N/A
561,02HL102,,,N/A
562,02HL103,,,N/A
563,02HL104,,,N/A
564,02HM001,,,N/A
565,02HM002,0.446889982394417,0.386183635115099,Good
566,02HM003,-0.8471122187851454,-0.05804825976117467,Negative
567,02HM004,0.6131270648588383,0.4940274234526094,Good
568,02HM005,0.64518925386228,0.49659574267336015,Good
569,02HM006,0.4218895212840559,0.3142339511195986,Good
570,02HM007,0.06453944864393324,0.44888093993485756,Unsatisfactory
571,02HM009,0.38276213633172484,0.4020705053491276,Good
572,02HM010,0.4576119447826249,0.45470850813862285,Good
573,02HM011,0.6094982011350534,0.6595254608003582,Good
574,02MA001,0.0007035634721069828,0.2943021096160031,Unsatisfactory
575,02MA002,,,N/A
576,03115973,0.24877782232151746,0.03898816059458565,Unsatisfactory
577,04014500,,,N/A
578,04015330,-0.2608661140912809,0.2925690666079561,Negative
579,04015500,,,N/A
580,04016000,,,N/A
581,04016500,,,N/A
582,04018750,,,N/A
583,04021520,-1.4104617979672702,-0.09864071693442211,Negative
584,04024000,-439.3827337059891,-19.148529499829227,Negative
585,04024098,,,N/A
586,04024430,-417.4051185153301,-18.95717380781213,Negative
587,04025500,-15.607501614175856,-2.637378704877242,Negative
588,04027000,-1004.0860634832649,-30.86511129958,Negative
589,04027500,-4.955744568533765,-0.7751478091397401,Negative
590,04029990,-550.6853213944777,-21.7777917792464,Negative
591,04031000,0.19914540340964904,0.05449076762604588,Unsatisfactory
592,04031500,,,N/A
593,04032000,0.10763907815843599,0.1638745935236895,Unsatisfactory
594,04033000,-0.03839936410724998,0.04272344774838299,Negative
595,04034500,,,N/A
596,04035500,,,N/A
597,04036000,-2.0244916682243526,-0.06626784987524714,Negative
598,04037500,0.19590372744073303,0.4250002086559539,Unsatisfactory
599,04039500,-0.7286260072814927,-0.10076539209753621,Negative
600,04040000,-397.1767001872275,-18.36973368241782,Negative
601,04040500,0.17247914262341624,0.5639076536473484,Unsatisfactory
602,04041500,-1.0465165604104874,0.13901821644249757,Negative
603,04043050,0.6994818157659484,0.5914877348404959,Good
604,04043140,0.688811502242326,0.5699708197823449,Good
605,04043150,0.1289916891582431,0.4854928602690596,Unsatisfactory
606,04043238,0.3803973222313376,0.7038719224568231,Good
607,04043244,0.6182052597587905,0.5738680447952562,Good
608,04043275,0.6834443771624314,0.6351769001507028,Good
609,04044400,,,N/A
610,04044724,0.0763348985871809,0.5459934194558136,Unsatisfactory
611,04045500,-6338.00256847157,-77.95192896790014,Negative
612,04046000,0.6813752646824465,0.7457696626094235,Good
613,04056500,-2657.8526862463145,-49.509266789611324,Negative
614,04057000,,,N/A
615,04057510,0.30555195434068094,0.2833970881435023,Unsatisfactory
616,04057800,0.5772787198759766,0.5473866614521412,Good
617,04058100,-32.54774479655734,-4.1307368843875665,Negative
618,04058200,0.1714834905025373,0.01958226850820466,Unsatisfactory
619,04058500,,,N/A
620,04059000,-13.488165807142366,-2.1991334706959877,Negative
621,04059500,0.41942052257160345,0.532769689090132,Good
622,04060500,0.21508363012130094,0.15863998203746132,Unsatisfactory
623,04060993,0.13637535493583353,0.28343818979882507,Unsatisfactory
624,04061000,,,N/A
625,04061500,,,N/A
626,04062000,-13.877112299950873,-2.4610497044917126,Negative
627,04062011,-349.9548093246781,-16.850658473825938,Negative
628,04062200,,,N/A
629,04062500,-205.1072105988464,-12.334581955914336,Negative
630,04063000,-5247.026906635258,-69.86309232501873,Negative
631,04063500,-7273.661405682091,-81.47293923549455,Negative
632,04063700,0.02190114096381446,-0.0334248288792498,Unsatisfactory
633,04064500,-2.586035928551736,-0.22022860772938335,Negative
634,04065106,-7366.236628332075,-81.6189664672308,Negative
635,04065300,,,N/A
636,04065500,,,N/A
637,04065722,-12632.920820983849,-105.19718592597054,Negative
638,04066003,-16168.724030291694,-118.50803434715026,Negative
639,04066030,-16552.82143946131,-119.35733478442897,Negative
640,04066500,0.06687891314674588,0.3569731491012864,Unsatisfactory
641,04066800,-9245.372060992997,-90.63357496157329,Negative
642,04067000,,,N/A
643,04067500,-6060.633103838291,-73.75249497290947,Negative
644,04067958,-0.048637552455197186,0.3547277876697039,Negative
645,04069416,-143.22199026474883,-10.020452867593256,Negative
646,04069500,-282.3505389837583,-14.910914220899274,Negative
647,04071000,-13.127033535078034,-1.9552609212904355,Negative
648,04071765,-49.55217748236231,-5.317741092209133,Negative
649,04071858,,,N/A
650,04072150,-6.921451499930865,-1.1697784331891854,Negative
651,04072845,,,N/A
652,04073462,0.13464792173113094,0.2212584343902937,Unsatisfactory
653,04073473,-81.93144439739913,-7.346914829488108,Negative
654,04073500,-2658.7186270163265,-48.29298218055045,Negative
655,04073970,,,N/A
656,04074538,,,N/A
657,04074548,,,N/A
658,04074950,-0.834794746209613,0.2944169137434097,Negative
659,04077400,,,N/A
660,04077630,-0.38824831081855904,0.31531749152302546,Negative
661,04078500,-1.2851365074040682,-0.019210588020999397,Negative
662,04079000,-23465.615774482794,-144.47140959310795,Negative
663,04080000,-0.9143975177345915,0.20964699265942865,Negative
664,04081000,-3.63161088335955,-0.5711814090388869,Negative
665,04082400,-8782.41661035728,-87.23733650114916,Negative
666,04084500,-1504.4415881841437,-36.445658422052034,Negative
667,04085119,,,N/A
668,040851325,0.294621653149463,0.11582521598072515,Unsatisfactory
669,04085200,0.3805283203313736,0.3843647311377668,Good
670,04085281,,,N/A
671,04085427,-9.552947823332627,-1.6116770991944116,Negative
672,04086000,0.32165184315731543,0.6335671877364952,Unsatisfactory
673,04086500,0.22263932347713744,0.16859328298784326,Unsatisfactory
674,04086600,-3.210437990039762,-0.3911117521251466,Negative
675,04087000,-10.781979507285389,-1.7419075630066154,Negative
676,04087030,0.5432376111184309,0.5705635978497294,Good
677,04087050,0.27484084420654276,0.23755924086533464,Unsatisfactory
678,04087070,0.4582787198227771,0.4904613274221563,Good
679,04087088,0.5874302273746963,0.46893769280719866,Good
680,04087119,0.18568407071297266,0.035857066000045235,Unsatisfactory
681,04087120,-0.7428496052055613,0.1744112376907646,Negative
682,040871488,0.4441935308873083,0.6695807593789502,Good
683,04087159,0.5228040216149914,0.4775696502252964,Good
684,04087204,0.25330876614057485,0.5470666811335475,Unsatisfactory
685,04087214,0.5548379627854279,0.7729004153114388,Good
686,04087220,0.42728739560615514,0.6671110368130632,Good
687,04087240,-147.4348734534079,-10.344893574478085,Negative
688,04087257,0.6166409567003488,0.4669990613521028,Good
689,04093000,-0.17631064631473037,0.46227273913508593,Negative
690,04094000,0.35017711038668375,0.22619599469878526,Unsatisfactory
691,04094500,,,N/A
692,04095300,0.34941860972147365,0.25042311960419916,Unsatisfactory
693,04095380,0.4381104917281764,0.40437147272291896,Good
694,04096015,-0.791514380475806,0.21854922772076313,Negative
695,04096100,,,N/A
696,04096400,,,N/A
697,04096405,-6.55638263082136,-1.1236453255079786,Negative
698,04096515,0.5361165320530039,0.6632767864608854,Good
699,04096600,,,N/A
700,04096900,,,N/A
701,04097500,-684.1268103336442,-22.85466357224793,Negative
702,04097540,0.4475597404903302,0.5030387296883772,Good
703,04099000,-12679.897663928912,-106.27058291609457,Negative
704,04099510,0.348846046408667,0.41803920311253606,Unsatisfactory
705,04099750,-24.611400681893784,-3.3444670154042324,Negative
706,04099808,,,N/A
707,04099850,,,N/A
708,04100222,0.30482713804079264,0.43095769777195925,Unsatisfactory
709,04100252,,,N/A
710,04100295,,,N/A
711,04100500,-2205.4164753227506,-45.23650764004285,Negative
712,04101000,-37340.70549127437,-170.96825054876848,Negative
713,04101370,0.3030822096731257,0.33944012261344836,Unsatisfactory
714,04101500,-37286.260308115045,-166.9113219550373,Negative
715,04101800,-80.659028275762,-7.45161678959467,Negative
716,04102500,-1892.333974030414,-41.51066556778678,Negative
717,04102700,0.38530410758715383,0.2741206005532253,Good
718,04102776,-6.3211633288478515,-0.43005022945086724,Negative
719,04103010,,,N/A
720,04103500,-79.23139995605565,-7.205670761011778,Negative
721,04104945,0.5460963038248448,0.5380637320768746,Good
722,04105000,0.024153466183511885,0.556922611411206,Unsatisfactory
723,04105500,-7.150069524818585,-1.14266000121457,Negative
724,04105700,0.6505295025593816,0.703747581796917,Good
725,04106000,-150.3570269646968,-9.613397952225956,Negative
726,04106180,,,N/A
727,04106300,,,N/A
728,04106320,-3.4642235339062575,-0.08196416072490664,Negative
729,04106400,-1.0999804670021742,0.0887054217766754,Negative
730,04106500,-0.40832744075569805,0.20587356161805193,Negative
731,04108500,,,N/A
732,04108600,0.6214113333540883,0.49826903961059366,Good
733,04108670,,,N/A
734,04108800,-7.155760472689375,-1.251053288831887,Negative
735,04108801,,,N/A
736,04109000,0.4463378772119053,0.7099883031410545,Good
737,04111000,-93.9259423393571,-8.004932614854916,Negative
738,04111379,0.312647156274777,0.6199266447345881,Unsatisfactory
739,04111500,,,N/A
740,04112000,-0.22008935616004077,0.4169353954122573,Negative
741,04112500,-3.2944971943963406,-0.4830552156759549,Negative
742,04113000,-97.62614413010408,-8.15830247039619,Negative
743,04114000,-152.48385137753496,-10.598294009794111,Negative
744,04114498,-0.3302934633318466,0.38888480877226395,Negative
745,04114500,,,N/A
746,04115000,-435.928169447048,-19.39986493961462,Negative
747,04115265,0.48152563222751465,0.43115292825459095,Good
748,04116000,-3792.126442940424,-59.406805862185564,Negative
749,04116500,,,N/A
750,04117000,0.6184560876017953,0.6106562166169835,Good
751,04117500,-97.6809964763999,-8.289542313609177,Negative
752,04118000,,,N/A
753,04118500,0.38042353110155525,0.5177048398031265,Good
754,04119000,-4540.533267767403,-63.532072679336096,Negative
755,04121300,0.5098888658688313,0.5407922860229717,Good
756,04121500,-275.74072075550384,-14.768866348844227,Negative
757,04121900,,,N/A
758,04121944,-5.1351278231445505,-1.0173488499040508,Negative
759,04121970,-3011.4730696506563,-52.61881145329199,Negative
760,04122000,,,N/A
761,04122100,0.7011718417009456,0.6249770855554847,Good
762,04122200,-5.074565553816229,-0.9447525733761497,Negative
763,04122500,-76.03442715098953,-6.742375301991596,Negative
764,04123500,-10.69645226795252,0.39360457568902985,Negative
765,04124000,-163.22217586969484,-10.85962159566545,Negative
766,04124200,-1995.467295997284,-41.86649895743745,Negative
767,04124500,0.6221368511030285,0.5022950694166097,Good
768,04125460,0.3769950979478266,0.6619249615348194,Good
769,04125500,,,N/A
770,04125550,-14501.798012124264,-108.327681875405,Negative
771,04126000,,,N/A
772,04126740,-3.2378699053911895,-0.4001875366486909,Negative
773,04126970,0.5196698402333929,0.712738232409621,Good
774,04127000,,,N/A
775,04127800,-0.47529743310052175,0.48402964123494485,Negative
776,04127918,,,N/A
777,04127997,-4.732761225619676,-0.5716623686160516,Negative
778,04128000,,,N/A
779,04128990,0.05376185986150517,0.12650903283600812,Unsatisfactory
780,04129000,,,N/A
781,04129500,,,N/A
782,04130000,,,N/A
783,04130500,,,N/A
784,04133500,,,N/A
785,04133501,-1.927575451419873,-0.22475634124822452,Negative
786,04134000,,,N/A
787,04135500,,,N/A
788,04135600,,,N/A
789,04135700,-3.507007710703223,-0.5714938956016931,Negative
790,04136000,-1121.2621129773745,-31.599020300721094,Negative
791,04136500,-35140.80641957887,-184.64457228034445,Negative
792,04136900,-39091.43494292179,-194.82565792798206,Negative
793,04137005,-37483.707418416525,-190.77919523805298,Negative
794,04137500,-26089.751762366453,-158.9207213337804,Negative
795,04138500,,,N/A
796,04140500,,,N/A
797,04142000,-2.472825845810666,-0.46269521590728924,Negative
798,04143500,,,N/A
799,04143900,,,N/A
800,04144000,,,N/A
801,04145000,-303.7091518552105,-15.609024551110924,Negative
802,04146000,0.4706969301569449,0.7437412991925564,Good
803,04146063,0.4301701446754973,0.6798722230786111,Good
804,04147500,-10.5704538292816,-1.8246015827126256,Negative
805,04148140,-8.52972381583819,-1.7121972544141046,Negative
806,04148500,-6.630515905406866,-1.1391323339095702,Negative
807,04149000,-1198.8053151745394,-31.26367346781077,Negative
808,04150000,,,N/A
809,04150500,-31.986902212487408,-4.647182805664219,Negative
810,04150800,,,N/A
811,04151500,-13.661987876299948,-2.323794918509005,Negative
812,04152238,0.27453135355652336,0.19416331494085248,Unsatisfactory
813,04152500,-1.9294375231874121,-0.07581263111976688,Negative
814,04153500,-31.086799204602855,-4.140306978660768,Negative
815,04154000,-3.1716306193582486,-0.5644045393845121,Negative
816,04155000,,,N/A
817,04155500,-53.804066526108485,-5.897383890073625,Negative
818,04156000,-4179.449187734777,-64.71972055692042,Negative
819,04158500,,,N/A
820,04159492,-81.77600288266574,-7.872896776540125,Negative
821,04159500,,,N/A
822,04159900,0.5750380592951725,0.5033857417972114,Good
823,04160600,-1.0401323425630968,-0.018876475430766426,Negative
824,04160800,,,N/A
825,04160900,,,N/A
826,04161000,0.29455556805787875,0.46785552640812256,Unsatisfactory
827,04161100,,,N/A
828,04161500,,,N/A
829,04161540,0.6930171226428198,0.6602659418864205,Good
830,04161580,0.7115068182144035,0.8263979579796286,Good
831,04161800,0.2458624131233218,0.62616718518472,Unsatisfactory
832,04161820,-0.6835941254291455,0.11621606425963915,Negative
833,04162900,,,N/A
834,04163400,0.5987830558226273,0.7383105053951575,Good
835,04164000,-39.587868609163365,-4.936896518755513,Negative
836,04164100,0.6807340812117147,0.7473902150368193,Good
837,04164300,0.3893347811234612,0.41591417086887783,Good
838,04164500,0.35341697295597085,0.22953091859664443,Unsatisfactory
839,04165500,-127.78339435838777,-9.812125483160786,Negative
840,04166000,0.7160592546617731,0.6986771394640148,Good
841,04166100,0.5695895761617473,0.40567790837083295,Good
842,04166300,0.7114789097260328,0.582565226706329,Good
843,04166500,-2.173204665546175,-0.3528873289733756,Negative
844,04167000,0.5170541427822991,0.585491415954573,Good
845,04168000,0.5653449385675471,0.6471874404933086,Good
846,04168580,0.5252838561945907,0.7271202315386172,Good
847,04170000,0.266622221469367,0.4178981250260658,Unsatisfactory
848,04170500,0.10884383612535253,0.5423246645601112,Unsatisfactory
849,04172000,-0.8603435394505561,0.25614657818212716,Negative
850,04173500,0.4762434104704263,0.3629408600600963,Good
851,04174500,-3080.1705429344206,-53.298955367176944,Negative
852,04174518,0.6328477772658023,0.5353278662629231,Good
853,04175600,0.2727226448509791,0.6080926396665283,Unsatisfactory
854,04176000,-26.05964442904249,-3.6480636038898266,Negative
855,04176500,-340.52177834047535,-16.75987298719587,Negative
856,04176605,,,N/A
857,04177000,-4.648116522281983,-0.8687107871742075,Negative
858,04177720,0.665532718760627,0.608263657316161,Good
859,04178000,-711.4051606174174,-24.95229446185989,Negative
860,04179000,,,N/A
861,04179520,0.392399988029558,0.6529559643039691,Good
862,04180000,-163.7199516233552,-11.451820472348944,Negative
863,04180500,-644.546007377416,-24.210848958415937,Negative
864,04180988,-1398.467850561984,-36.03038073425986,Negative
865,04181500,-1581.413306931235,-38.427386836843084,Negative
866,04182000,-824.5769935350687,-27.27912147066202,Negative
867,04182950,-3141.9085490154107,-56.69023744404967,Negative
868,04183000,-2566.2695158125166,-51.09252904725342,Negative
869,04183500,-1874.077184448513,-42.21976348500153,Negative
870,04184500,-0.02395970593736596,0.446550657140235,Negative
871,04185000,-67.19748255618111,-6.60790302173945,Negative
872,04185440,0.3777944539886413,0.40553412879145245,Good
873,04186500,-903.6491905935167,-29.155094664942332,Negative
874,04187500,,,N/A
875,04188337,0.32181725551932705,0.5573713314050648,Unsatisfactory
876,04188400,-9.853277171384565,-1.7617594439452202,Negative
877,04188433,0.4003474606654278,0.343176945853362,Good
878,04188496,0.43128474742846334,0.07222850798350833,Good
879,04189000,-0.6094491979793777,0.25942007363481223,Negative
880,04192500,-129.54058680841874,-9.597975121056065,Negative
881,04193500,-216.4125044581255,-13.08130436821387,Negative
882,04195500,-2.5392760680748436,-0.23492194831246516,Negative
883,04195820,-14.88268866207124,-2.324950284454296,Negative
884,04196000,0.19082173192907448,-0.12599358785485903,Unsatisfactory
885,04196500,0.2746634034426829,0.26790487845061683,Unsatisfactory
886,04196800,-333.4202639513778,-16.923836644279977,Negative
887,04197000,,,N/A
888,04197100,-0.041827210270595216,0.35791291726089447,Negative
889,04197170,0.5730052717313392,0.39055539614335344,Good
890,04198000,-471.20836258586627,-20.376196312932645,Negative
891,04199000,-15.242374245366708,-2.335810867208217,Negative
892,04199155,0.5719436235419961,0.6735621220260701,Good
893,04199500,0.2564421613310931,0.037265645987286544,Unsatisfactory
894,04200500,0.3839726659525582,0.2148909907625126,Good
895,04201500,-0.9797774043560794,-0.061272406482540065,Negative
896,04202000,0.20160087757179912,0.41040641063833294,Unsatisfactory
897,04206000,-2.565048005907159,-0.3431715380650533,Negative
898,04206043,-0.026395588419732885,-0.1536693492274328,Negative
899,04206212,-0.045680698534673825,-0.3150085863419092,Negative
900,04206220,0.1524040375004586,0.0293298637628584,Unsatisfactory
901,04207200,0.19945045168515785,0.09642925167917404,Unsatisfactory
902,04208000,-108.7954044333672,-9.076184276625275,Negative
903,04208460,0.4465160076116358,0.3424355970629257,Good
904,04208504,0.265954113398732,0.4464741156258957,Unsatisfactory
905,04209000,-3.978970661663074,-0.8579069908830206,Negative
906,04212100,-66.26353901372059,-6.624586673965212,Negative
907,04212500,,,N/A
908,04213000,0.4393360537080977,0.6676988400887527,Good
909,04213040,,,N/A
910,04213075,0.4730526808458999,0.48172192732255237,Good
911,04213500,-15.478872058965276,-2.6853931363009855,Negative
912,04214500,0.5535010442222166,0.5018091661931396,Good
913,04215000,0.4821908907745851,0.3962723465187846,Good
914,04215500,0.5318270999532366,0.5381926511887718,Good
915,04216200,,,N/A
916,04216418,0.5141466028316607,0.6209940053641638,Good
917,04216500,,,N/A
918,04217000,0.29128264934340076,0.6481938179021726,Unsatisfactory
919,04217500,,,N/A
920,04218000,-6.377546129621784,-1.1087674208401532,Negative
921,04218518,0.5511223101982636,0.5560965994310164,Good
922,04220250,,,N/A
923,0422026250,0.47501537906922653,0.4909186567007884,Good
924,04221000,-3.624270363448937,-0.6898940954108825,Negative
925,04223000,-10.221415491045763,-1.643475016515465,Negative
926,04224775,0.6503127809028851,0.695038984325141,Good
927,04227000,-97.32378441665048,-8.272895716169625,Negative
928,04227500,-2312.42954800812,-46.18593985568053,Negative
929,04227995,0.11564225649669124,0.011783639535714818,Unsatisfactory
930,04228500,-7441.015407634324,-83.85213457666079,Negative
931,04229500,0.19559146850050613,0.5993462298115312,Unsatisfactory
932,04230380,0.5838933520960685,0.5982857933672676,Good
933,04230500,-0.34331346100916993,0.38061109744381527,Negative
934,04231000,-0.45081442419285755,0.2813981478242684,Negative
935,04231600,-6140.338940789434,-75.66964351365192,Negative
936,04232000,,,N/A
937,04232034,0.29298546705208917,0.2987140400387581,Unsatisfactory
938,04232050,0.6243293367511854,0.7614230341513667,Good
939,0423205010,0.5766991220204478,0.7793629665271296,Good
940,04232100,0.1452464734752933,0.07052421517638252,Unsatisfactory
941,04232482,0.049400352609164866,0.3282843396528271,Unsatisfactory
942,04233000,,,N/A
943,04233286,0.5050747673037652,0.44559844858554365,Good
944,04233300,0.5949376081907092,0.6770931224003323,Good
945,04234000,0.6896709477570913,0.7551527410772895,Good
946,0423401815,0.16273684185035409,0.03190507396762776,Unsatisfactory
947,04235250,0.2080143416870961,0.07913472780125674,Unsatisfactory
948,04235500,,,N/A
949,04237500,-23670.285063203017,-140.35409212951222,Negative
950,04237962,0.6583186006372368,0.6304947591706445,Good
951,04239000,0.21530813443501484,0.6019482585109069,Unsatisfactory
952,04240010,0.6129348411029234,0.7443124507493364,Good
953,04240100,0.5307411536286275,0.5099518772734088,Good
954,04240120,0.7154390598249696,0.761099532942105,Good
955,04240180,0.35597126062030926,0.5686825921724608,Unsatisfactory
956,04240200,,,N/A
957,04240300,0.46071404153271167,0.42364842622771504,Good
958,04240503,,,N/A
959,04242500,-108.70961638173999,-8.628665776893007,Negative
960,04243500,0.2605099956452911,0.6201820431129526,Unsatisfactory
961,04245000,,,N/A
962,04245200,,,N/A
963,04246500,,,N/A
964,04247000,-811.0739219456887,-26.31803685178055,Negative
965,04249000,-2758.0671193293697,-48.93272292625921,Negative
966,04250200,-4.996788296492282,-0.6917515134996339,Negative
967,04250750,0.5724220199263761,0.4847288079669788,Good
968,04252500,-595.4695706284513,-22.46538332862148,Negative
969,04256000,0.25747450039400555,0.18457294466731589,Unsatisfactory
970,04257000,,,N/A
971,04258000,-1.4369530773674155,0.11703148150869769,Negative
972,04260500,-556.7787678837942,-21.568310220319876,Negative
973,04263000,-85.41004725358978,-7.492352047650142,Negative
974,05535070,0.6686226830869391,0.6018291804414424,Good
